id,platform,url,title_or_text,source,published,vader_sentiment,scores,llm_sentiment,llm_confidence,llm_summary,saved_at
4ba741aa23a850af554e6fa658508ec5a3e68eada464a044563008e72537d60e,newsapi,https://biztoc.com/x/68cbdd6b5821704b,Roche Raises Forecast as New Medicines Fuel Growth,Biztoc.com,2025-10-23T05:36:11Z,positive,0.599,,0,,2025-10-24T11:08:14.672577+05:30
1d0ca919d137e6a4fc653419ece21a57ff8f3f522b7f56215dbacf0326f19a71,newsapi,https://biztoc.com/x/5ad00abff979e397,"Hungary's Wizz Air looks to delay 100 Airbus aircraft deliveries, Bloomberg News reports",Biztoc.com,2025-10-23T05:36:04Z,neutral,0,,0,,2025-10-24T11:08:14.676510+05:30
d514ed66aeec0423c5395bcd8d341814ba0cf67bdf1fbcd3b8083ebe413566b1,newsapi,https://biztoc.com/x/7a878fee2b101cfa,Oil Jumps as Trump Steps Up Pressure on Russia With Sanctions,Biztoc.com,2025-10-23T05:35:59Z,neutral,0.026,,0,,2025-10-24T11:08:14.679501+05:30
1fb7c31970b962077332da2775a228e72e742f34fd696cded74067a867355e0e,newsapi,https://biztoc.com/x/f77c225d2096dc7f,McKinsey Says Bank Profits Face Possible $170 Billion AI Hit,Biztoc.com,2025-10-23T05:35:56Z,positive,0.637,,0,,2025-10-24T11:08:14.682252+05:30
f2019a1ae9fea7d1160be15a3091df3756209fd582cc38d0f272895bf4b423af,newsapi,https://biztoc.com/x/87fb117743890a73,Regional Bank Stocks Aren’t Out of the Woods Yet. Why It’s Time to Lighten Up,Biztoc.com,2025-10-23T05:35:49Z,positive,0.318,,0,,2025-10-24T11:08:14.685468+05:30
7a2e268689dfe4a6fe36e374beaef3bfb9319055acd3a49effb69bdb3b7462d3,newsapi,https://www.euractiv.com/news/rapporteur-exclusive-eu-plots-e1-billion-revamp-of-council-hq/,Exclusive: EU plots €1 billion revamp of Council HQ,EURACTIV,2025-10-23T05:35:48Z,positive,0.368,,0,,2025-10-24T11:08:14.691472+05:30
fc82ce924d203e34b9d93b862c1794af7d9974d1be1c4070ed8392f794d50b11,newsapi,https://www.globenewswire.com/news-release/2025/10/23/3171682/0/en/Pioneer-Hash-has-launched-a-new-free-intelligent-AI-cloud-computing-app-allowing-users-around-the-world-to-easily-earn-money-every-day.html,"Pioneer Hash has launched a new, free, intelligent AI cloud computing app, allowing users around the world to easily earn money every day!",GlobeNewswire,2025-10-23T05:33:00Z,positive,0.983,,0,,2025-10-24T11:08:14.696164+05:30
8cd2f621b8f8e5d93e6fdbf94382342d351922de55632257b9efd3b8bc7e7e51,newsapi,https://www.globenewswire.com/news-release/2025/10/23/3171681/0/en/Good-performance-in-the-third-quarter-in-a-complex-environment.html,Good performance in the third quarter in a complex environment,GlobeNewswire,2025-10-23T05:33:00Z,positive,0.917,,0,,2025-10-24T11:08:14.699233+05:30
f497d4f729ca34598957c6c923c54678e1b3bbc0b72758821cbe350b06c78a87,newsapi,https://www.computerweekly.com/blog/CW-Developer-Network/NTT-DATA-Inc-Resilience-brilliance-needs-a-helicopter-view,NTT DATA Inc: Resilience brilliance needs a helicopter view,ComputerWeekly.com,2025-10-23T05:32:09Z,positive,0.976,,0,,2025-10-24T11:08:14.702286+05:30
6bcc21f362dc6e1a38e8e92d6229b56241c6a12d574daf9fdab8b73145ce547f,newsapi,https://finance.yahoo.com/news/t-q3-cy2025-deep-dive-053146745.html,"T Q3 CY2025 Deep Dive: Fiber Expansion, Convergence Strategy, and Margin Focus Define Quarter",Yahoo Entertainment,2025-10-23T05:31:46Z,positive,0.625,,0,,2025-10-24T11:08:14.709281+05:30
b16fca4cbab75b24eda4d39cf9f15fc5764824f765ade97fcc9177a4c45e8001,newsapi,https://financialpost.com/pmn/business-wire-news-releases-pmn/bureau-veritas-robust-and-consistent-revenue-performance-delivered-in-q3-2025-fy-2025-outlook-reaffirmed,Bureau Veritas: Robust and Consistent Revenue Performance Delivered in Q3 2025; FY 2025 Outlook Reaffirmed,Financial Post,2025-10-23T05:31:27Z,positive,0.932,,0,,2025-10-24T11:08:14.713700+05:30
1088a86fa9cf957e3871c474f839bbfc4398f77672e8fcb64d862bda5ee4c29c,newsapi,https://www.scmp.com/native/business/topics/helping-smes-grow-globally/article/3320413/how-businesses-can-leverage-hong-kongs-advantages-expand-overseas,How businesses can leverage Hong Kong’s advantages to expand overseas,Post Magazine,2025-10-23T05:31:25Z,positive,0.927,,0,,2025-10-24T11:08:14.717078+05:30
27fc3c68d6e8766e0b38e4dd6dad57cb884faea6859dfa201cfd234bf9ff3835,newsapi,https://www.forbes.com/sites/rodgerdeanduncan/2025/10/23/why-companies-are-losing-billions-by-wasting-talent/,Why Companies Are Losing Billions By Wasting Talent,Forbes,2025-10-23T05:30:00Z,negative,-0.625,,0,,2025-10-24T11:08:14.721247+05:30
1120ca1e73642358369b1575131b4a33350680b3fe54d939d687f84829dfae88,newsapi,https://www.globenewswire.com/news-release/2025/10/23/3171671/0/en/BUREAU-VERITAS-Robust-and-consistent-revenue-performance-delivered-in-Q3-2025-FY-2025-outlook-reaffirmed.html,BUREAU VERITAS - Robust and consistent revenue performance delivered in Q3 2025; FY 2025 outlook reaffirmed,GlobeNewswire,2025-10-23T05:30:00Z,positive,0.735,,0,,2025-10-24T11:08:14.725556+05:30
dfe426f11b09ba5edec8ff6361b24abdb3bb49fbc897f87b01473d649eb40bc5,newsapi,https://pypi.org/project/intentkit/0.8.12.dev2/,intentkit 0.8.12.dev2,Pypi.org,2025-10-23T05:28:37Z,positive,0.318,,0,,2025-10-24T11:08:14.729128+05:30
b78311782b6a397c97aaa989877803bf1274b4679c86095eaa060f792f3319ee,newsapi,https://pypi.org/project/dv-pipecat-ai/0.0.85.dev820/,dv-pipecat-ai 0.0.85.dev820,Pypi.org,2025-10-23T05:27:54Z,positive,0.318,,0,,2025-10-24T11:08:14.732926+05:30
86020666269cc6718a2bdc200d1345ba89d2f8c344e5e3f3fbe94831c6ae5fb8,newsapi,https://en.antaranews.com/news/387565/indonesian-government-urges-prudent-ai-use-in-public-communication,Indonesian government urges prudent AI use in public communication,Antaranews.com,2025-10-23T05:25:47Z,positive,0.802,,0,,2025-10-24T11:08:14.736363+05:30
2815c4745a34f79e68f8317ae3b7bd308f2b00203d62881200177707cba262a4,newsapi,https://biztoc.com/x/468feec624e0f094,Nokia beats estimates as it scales down venture fund investments,Biztoc.com,2025-10-23T05:25:34Z,positive,0.318,,0,,2025-10-24T11:08:14.739914+05:30
ab612039a37688bf70c45640756a46f0d6de089418b987810fe9493ed47ce8da,newsapi,https://biztoc.com/x/2ad15bf4e2c36d11,"Thales posts 9% higher 9-month sales and orders, keeps targets",Biztoc.com,2025-10-23T05:25:24Z,positive,0.318,,0,,2025-10-24T11:08:14.743705+05:30
8371bc1a24a007d3af5f2e9f7c1cce8ad16514a9dbfd043eb93255d12d820523,newsapi,https://biztoc.com/x/4ba44e2ca93cf5fd,Volvo Car Profit Unexpectedly Rises on Cost-Cutting Plan,Biztoc.com,2025-10-23T05:25:17Z,positive,0.637,,0,,2025-10-24T11:08:14.746730+05:30
e3914bdc4bfee77fb803c7004f81aa2dd0666a3139c59791ce8c34270612ec7a,newsapi,https://biztoc.com/x/8153d5c9de59b578,What Beaten-Down Tech Stock is Cathie Wood Buying Now?,Biztoc.com,2025-11-03T12:15:57Z,positive,0.459,unknown,0,,2025-11-04T17:49:17.106923+05:30
6e706f3c9fc3ba2bb90492ecba5cd36fc91d878e514c0655201ac50830dc14dd,newsapi,https://biztoc.com/x/d89e073cd262d569,My Honest Opinion of the YieldMax MSTR Option Income Strategy ETF,Biztoc.com,2025-11-03T12:15:49Z,negative,-0.103,unknown,0,,2025-11-04T17:49:19.313328+05:30
2f2a294d6393faded9033d64adf4a1229e79f0e200a7f0fe69199bc54696c430,newsapi,https://hip2save.com/deals/walmart-vaseline/,Get $2 Back on Vaseline at Walmart & Keep Your Skin Glowing All Winter!,Hip2save.com,2025-11-03T12:15:46Z,positive,0.894,unknown,0,,2025-11-04T17:49:21.550080+05:30
f4a6b3c6530c8e07b3c61879e958d90bd462e17bee54ae34fcbc6a0812038b76,newsapi,https://biztoc.com/x/940ffc6b82c741c1,Kimberly-Clark to acquire Kenvue in $48.7 billion deal,Biztoc.com,2025-11-03T12:15:40Z,positive,0.941,unknown,0,,2025-11-04T17:49:23.764011+05:30
f2d81bf5a5de0c35e3ee2c059a8380cdb9633603bb6771d5f3059b072bfb4097,newsapi,https://biztoc.com/x/d66c2aa3c0f8fa34,I’m 64 and retired with a healthy $700K nest egg — but I can’t stop checking my account. Am I right to worry?,Biztoc.com,2025-11-03T12:15:33Z,negative,-0.732,unknown,0,,2025-11-04T17:49:28.900268+05:30
8a336b9752ed8423339d2d2beef9a32c279299d12a956487867d8e2c33dfe4a6,newsapi,https://biztoc.com/x/4c4d59fabd6f5358,Beyond Meat delays quarterly earnings report to November 11,Biztoc.com,2025-11-03T12:15:33Z,neutral,0,unknown,0,,2025-11-04T17:49:30.823731+05:30
e1feb01ef7ce247d44c97b4efcb7500de6a240d2e39f98ca77c3c46a5fa05d99,newsapi,https://biztoc.com/x/89b4c1d897b9d14f,German Energy Subsidies to Boost Heavy Industry Expected in 2026,Biztoc.com,2025-11-03T12:15:28Z,positive,0.586,unknown,0,,2025-11-04T17:49:37.050651+05:30
2731db2b0604c482fc6400e3152fff0afae1e92701c81b3f8a45254f59e160bf,newsapi,https://biztoc.com/x/04f998669df1e5af,Analyst Says Microsoft (MSFT) at ‘Intersection’ of Software and AI,Biztoc.com,2025-11-03T12:15:24Z,neutral,0,unknown,0,,2025-11-04T17:49:38.952365+05:30
1c45cfd48fef73064989efa3cfe3388c3faa0ced3abc69089a0326585103e6ac,newsapi,https://www.espn.com/college-football/story/_/id/46784425/college-football-journeyman-qbs-four-players-15-schools,'Wouldn't necessarily say I'm trash': A tale of four journeyman QBs and their 15 schools,ESPN,2025-11-03T12:15:23Z,positive,0.338,unknown,0,,2025-11-04T17:49:41.254174+05:30
d70d09105f27f3edc2ab336a0c528d229940b3ce6522536855e2e2971aaa606c,newsapi,https://biztoc.com/x/84ac72c316c74a23,Czech Billionaire Moves Closer to Government With Coalition Deal,Biztoc.com,2025-11-03T12:15:23Z,neutral,0,unknown,0,,2025-11-04T17:49:43.319148+05:30
bfe621bd2689abf7a5fd058cd4c69c1dec07985bcbae2dcaac9adea21265244b,newsapi,https://biztoc.com/x/6981aabc4c4e1b99,"JPMorgan, Sculptor Lend $565 Million for Solar-Powered Condo Tower in Miami",Biztoc.com,2025-11-03T12:15:22Z,neutral,0,unknown,0,,2025-11-04T17:49:44.810566+05:30
d095abfb4e2c93628f947c42a36d65446223d6785fc12c398ad1269aa584f6ae,newsapi,https://biztoc.com/x/180422954695825b,Stock Market Today: S&P 500 Futures Rise; Bitcoin Prices Fall; Kenvue Stock Rallies — Live Updates,Biztoc.com,2025-11-03T12:15:20Z,neutral,0,unknown,0,,2025-11-04T17:49:48.665021+05:30
f73ee2df3f6496387785cd0ba6cdde9895014869ca8190589c47ba631c2da2b0,newsapi,https://biztoc.com/x/7700d3e19dc52149,Trump’s Military Threat Doesn’t Reflect Reality of Violence in Nigeria,Biztoc.com,2025-11-03T12:15:16Z,negative,-0.818,unknown,0,,2025-11-04T17:49:50.850388+05:30
d67d2db8f06b2a5ff1c45575eb3d2902b6ea48b18f63c737e1b377953e0f94a9,newsapi,https://biztoc.com/x/07883c03270a6007,IREN Secures $9.7bn AI Cloud Contract with Microsoft,Biztoc.com,2025-11-03T12:15:14Z,positive,0.318,unknown,0,,2025-11-04T17:49:52.819065+05:30
beaea321b149371a4c214abed0de9e908ac905a668915eca48cc4d2705d4c210,newsapi,https://biztoc.com/x/5ba62bdb4634b4d4,Iren Surges On $9.7 Billion AI Cloud Services Contract With Microsoft,Biztoc.com,2025-11-03T12:15:14Z,positive,0.459,unknown,0,,2025-11-04T17:49:54.968438+05:30
1201117212bc61deee3d6c7a953b2f8a18dd1ab76522037de38815e7d3d6bb41,newsapi,https://biztoc.com/x/a19000207fd40eb3,Eaton to buy Boyd Thermal for $9.5 billion,Biztoc.com,2025-11-03T12:15:13Z,neutral,0,unknown,0,,2025-11-04T17:49:57.208784+05:30
9127af147479b91e39b2e6c5eeda86969377c2972da839fcbdac986cfc7ffaf7,newsapi,https://biztoc.com/x/653b05842efbe49b,South Korea’s President Lee halts state asset sales amid discount allegations,Biztoc.com,2025-11-03T12:15:11Z,positive,0.361,unknown,0,,2025-11-04T17:49:58.030504+05:30
f95cceb1853f41c66a4b01028a0938c0b841628a291400da5d2d45c366c9d765,newsapi,https://biztoc.com/x/cc0f87a1f3994302,BofA CEO Brian Moynihan to Face Investors With the Worst Returns on Wall Street,Biztoc.com,2025-11-03T12:15:08Z,negative,-0.625,unknown,0,,2025-11-04T17:49:59.067779+05:30
74286436dc2b5adf5e13f450255f348fe4e0716b16a61932ef0d9942ad4ef8d8,newsapi,https://biztoc.com/x/479b470099043df7,Are Wall Street Analysts Predicting Merck & Co. Stock Will Climb or Sink?,Biztoc.com,2025-11-03T12:15:04Z,neutral,0,unknown,0,,2025-11-04T17:49:59.915727+05:30
dd69c215cccd70eda6338224dafd8f379741879e82937cd029ff31327f659758,newsapi,https://biztoc.com/x/4817b0b2153a693d,"Surprise Swiss inflation dip not enough to warrant central bank action, analysts say",Biztoc.com,2025-11-03T12:15:02Z,positive,0.273,unknown,0,,2025-11-04T17:50:00.723037+05:30
5e6e99f63c732b99346967e1a51b61cdf6d4e28b4a3f612dbe53dc5820924317,newsapi,https://biztoc.com/x/224ac0fa5f2198b8,Surging Power Costs Are Putting the Squeeze on Customers - WSJ,Biztoc.com,2025-11-03T12:15:02Z,neutral,0,unknown,0,,2025-11-04T17:50:01.553205+05:30
72d4e2751e5ce063da0508eccb50bf5d960b2a5c04d437a1aa68a0b783690d73,newsapi,https://www.coindesk.com/daybook-us/2025/11/03/bitcoin-drop-may-be-warning-for-stocks-crypto-daybook-americas,Bitcoin Drop May Be Warning for Stocks: Crypto Daybook Americas,CoinDesk,2025-11-03T12:15:00Z,negative,-0.743,unknown,0,,2025-11-04T17:50:02.367539+05:30
1a249f541a337d93202f5d8f79e45b04fd24ed79b3699456fac2e95734edb080,newsapi,https://biztoc.com/x/e4a856298c908fbf,BioNTech Raises Sales Outlook on Boost from Bristol Payments,Biztoc.com,2025-11-03T12:14:56Z,positive,0.402,unknown,0,,2025-11-04T17:50:03.168311+05:30
e50dd112d6330a5f83f4b3424362f1619f19ff459b5c597e3c51e2e7c684bbb0,newsapi,https://biztoc.com/x/b73bf41f0ebdff21,Microsoft says the US has let it ship the latest Nvidia chips to the UAE for the first time; President Trump agreed to a deal with UAE President MBZ in May,Biztoc.com,2025-11-03T12:14:53Z,positive,0.273,unknown,0,,2025-11-04T17:50:03.962805+05:30
e306bb69ebcf2c2a0d4192d628aec9b89b3aa13fea7b5c069de039fd5d7e782c,newsapi,https://biztoc.com/x/e62dbd6e1479f948,Hedge fund Dymon Asia’s 2025 returns hit 15%,Biztoc.com,2025-11-03T12:14:51Z,neutral,0,unknown,0,,2025-11-04T17:50:04.954189+05:30
a3327b72f54cd14efde421b7d4eca4b8278f14edc8276ed79a60aa076e8971ad,newsapi,https://finance.yahoo.com/news/germanys-zf-plans-furlough-workers-121147798.html,German auto parts sector rushes to get China exemptions for Nexperia chip exports,Yahoo Entertainment,2025-11-03T12:11:47Z,positive,0.421,unknown,0,,2025-11-04T17:50:05.919794+05:30
4309d7b95ed0ad49541cfa9644219401312478f7c058bc43f35fd2edeade51b0,newsapi,https://adactio.com/journal/22228,Bóthar,Adactio.com,2025-11-03T12:10:32Z,positive,0.434,unknown,0,,2025-11-04T17:50:06.901239+05:30
dc3dd334b52d3ab43f9c636a2589f9f2f56fad44ca04036f321e9e64b311526d,newsapi,https://www.globenewswire.com/news-release/2025/11/03/3179119/0/en/FERRARI-N-V-PERIODIC-REPORT-ON-THE-BUYBACK-PROGRAM.html,FERRARI N.V.: PERIODIC REPORT ON THE BUYBACK PROGRAM,GlobeNewswire,2025-11-03T12:10:00Z,positive,0.527,unknown,0,,2025-11-04T17:50:07.873499+05:30
42fa30d9fcc4ff51c8625bc7598f5a7f7e12e3d6bf32b20aa7a4a3a72c371d87,newsapi,https://www.globenewswire.com/news-release/2025/11/03/3179121/0/en/Cipher-Mining-Provides-Third-Quarter-2025-Business-Update.html,Cipher Mining Provides Third Quarter 2025 Business Update,GlobeNewswire,2025-11-03T12:10:00Z,positive,0.778,unknown,0,,2025-11-04T17:50:08.915785+05:30
6732776a76c113cc6626d97a98fb3a66e7e0097657e33dc9fe3b02ea614d1a2b,newsapi,https://thefly.com/permalinks/entry.php/id4227805/CWD-CaliberCos-files-to-sell--shares-of-Class-A-common-stock-for-holders,"CaliberCos files to sell 561,747 shares of Class A common stock for holders",Thefly.com,2025-11-03T12:06:55Z,positive,0.791,unknown,0,,2025-11-04T17:50:10.046126+05:30
d1ae6bbcda1751480d1cbd798efa59599c4598f6018de75f2a3299de112f4554,newsapi,https://financialpost.com/globe-newswire/teck-highlights-progress-on-quebrada-blanca-ramp-up-pathway-to-full-potential-and-value-delivery-to-shareholders-from-merger,"Teck Highlights Progress on Quebrada Blanca Ramp up, Pathway to Full Potential, and Value Delivery to Shareholders from Merger",Financial Post,2025-11-03T12:05:44Z,positive,0.79,unknown,0,,2025-11-04T17:50:11.172804+05:30
e184b6933e65658c7a8e4e5c7976cbb324871dfcd9eea53e88e1abd112402527,newsapi,https://www.globenewswire.com/news-release/2025/11/03/3179115/0/en/Vertex-Announces-Third-Quarter-2025-Financial-Results-and-150-Million-Class-A-Common-Stock-Repurchase-Program.html,Vertex Announces Third Quarter 2025 Financial Results and $150 Million Class A Common Stock Repurchase Program,GlobeNewswire,2025-11-03T12:05:00Z,positive,0.34,unknown,0,,2025-11-04T17:50:12.198114+05:30
28148098cedfcd8a0e5f7e9be3440f3da775c421cdbc77cf805d567d635b5653,newsapi,https://freerepublic.com/focus/f-news/4350371/posts,Here’s where big Wall Street firms are moving as NYC looks poised to elect a socialist mayor,Freerepublic.com,2025-11-03T12:04:37Z,positive,0.637,unknown,0,,2025-11-04T17:50:13.322793+05:30
0987fc679cf8c8bf304bfdd60ce0d6cea94f5913b2b3d4c587f408d0690348af,newsapi,https://biztoc.com/x/febea652af7b8760,The Arctic’s Main Carbon Sink Is Increasingly Unstable in a Warming World,Biztoc.com,2025-11-03T12:04:32Z,negative,-0.226,unknown,0,,2025-11-04T17:50:14.449667+05:30
6f7a21e74f898a3e9b0c4ba3c4f6baffd3cfd8492155aeda13ca27186567d7b9,newsapi,http://www.newsbtc.com/analysis/eth/ethereum-bounce-reaches-resistance-105k/,"Ethereum Bounce Reaches Resistance Cluster, Bulls Need Strong Break",newsBTC,2025-11-06T03:08:34Z,positive,0.705,unknown,0,,2025-11-07T09:14:13.176724+05:30
99d6f19537b7195dab1328477647ee68b004620f54a3cfecf159f129ebd6047b,newsapi,https://bitcoinist.com/crypto-firm-dwf-labs-lose-44m-to-north-korean-linked-hackers-report/,Crypto Firm DWF Labs Lose $44M To North Korean-Linked Hackers – Report,Bitcoinist,2025-11-06T03:00:35Z,negative,-0.318,unknown,0,,2025-11-07T09:14:15.835563+05:30
7aa0c973ad524c3d5b957c877ae6ef6d29b3dfd1579e83cf8894a055cfeb292c,newsapi,https://decrypt.co/347537/appeals-court-rejects-lawsuit-alleged-354m-bitcoin-loss,Appeals Court Rejects Prisoner's Lawsuit Over Alleged $354M Bitcoin Loss,Decrypt,2025-11-06T02:57:11Z,negative,-0.896,unknown,0,,2025-11-07T09:14:19.112094+05:30
1208a3fc33a1b6d825b9b7932ccdac89b41394bc56571251be5d7c7c50b080fb,newsapi,https://economictimes.indiatimes.com/news/international/us/us-stock-market-rebounded-sharply-today-what-is-fuelling-dow-sp-and-nasdaq-rise-amd-seagate-micron-and-western-digital-hit-record-highs/articleshow/125121405.cms,"US stock market rebounded sharply today: What is fuelling Dow, S&P, and Nasdaq rise? AMD, Seagate, Micron, and Western Digital hit record highs",The Times of India,2025-11-06T02:51:10Z,positive,0.178,unknown,0,,2025-11-07T09:14:21.986999+05:30
11634ebfc869153d7122309e0d8a65d80c34d6c80812ff6bf5c92b8286d6a057,newsapi,https://biztoc.com/x/2ab79c95e11babf3,"Bitcoin Recovers Amid Trump's Pro-Crypto Remarks: Ethereum, Dogecoin, XRP Also Rise: Analyst Says BTC Risks Falling To $72,000 If It Fails To Do This",Biztoc.com,2025-11-06T02:48:49Z,positive,0.318,unknown,0,,2025-11-07T09:14:24.645973+05:30
1f2441649a39e2a8c7994b6a2848d641a1ecb721997d4cb681c1a3b2790af993,newsapi,https://economictimes.indiatimes.com/markets/cryptocurrency/bitcoin-shaken-by-long-term-holders-dumping-45-billion/articleshow/125121141.cms,Bitcoin shaken by long-term holders dumping $45 billion,The Times of India,2025-11-06T02:33:43Z,positive,0.509,unknown,0,,2025-11-07T09:14:27.509766+05:30
0758b3e22f87101b56c60a78b4484a5f7773a64bac64ceb305660bcf53a55a7f,newsapi,http://www.newsbtc.com/analysis/btc/bitcoin-recovery-lacks-conviction-105k/,"Bitcoin Recovery Lacks Conviction, Market Signals Another Pullback Risk",newsBTC,2025-11-06T02:32:22Z,negative,-0.103,unknown,0,,2025-11-07T09:14:30.793209+05:30
e20095bd047d435d84e18e697f96772b33108a2028ed532e6634f7b70281973d,newsapi,https://biztoc.com/x/fdc6457e38395a15,How Deep Are Bitcoin Traders Hedging After Recent Price Dip Below $100K?,Biztoc.com,2025-11-06T02:26:26Z,neutral,0,unknown,0,,2025-11-07T09:14:35.598589+05:30
f2705c8608252eb3cbe342516a479400461a6241a5229922120cce194c3dc917,newsapi,https://www.coindesk.com/markets/2025/11/06/how-deep-are-bitcoin-traders-hedging-after-recent-price-dip-below-usd100k,How Deep Are Bitcoin Traders Hedging After Recent Price Dip Below $100K?,CoinDesk,2025-11-06T02:20:01Z,negative,-0.542,unknown,0,,2025-11-07T09:14:38.473418+05:30
5d4bc3b922f85b347df85e13873aec408648708c6c8f8dc4700028e0d5441b4c,newsapi,https://bitcoinist.com/bitcoin-accumulation-hits-record-high-despite-fear/,Bitcoin Accumulation Hits Record High Despite Market Fear: 375K BTC Added in 30 Days,Bitcoinist,2025-11-06T02:00:50Z,negative,-0.924,unknown,0,,2025-11-07T09:14:42.664162+05:30
d706be45e67415241eedce5f64e69a99c60ce61adc28e3f49acff71af5241976,newsapi,https://ambcrypto.com/will-bitcoins-largest-etf-withdrawal-since-july-deepen-btcs-crash/,Will Bitcoin’s largest ETF withdrawal since July deepen BTC’s crash?,Ambcrypto.com,2025-11-06T02:00:36Z,positive,0.548,unknown,0,,2025-11-07T09:14:45.223923+05:30
dcb7f98ed8f1da700d4f6f027fe9fe602b53da65bf1d778826a3182f5491e77a,newsapi,https://line25.com/articles/how-to-enjoy-online-casino-online-games-reveal-expert-guide/,How To Enjoy Online Casino Online Games: Reveal Expert Guide,Line25.com,2025-11-06T01:58:43Z,positive,0.796,unknown,0,,2025-11-07T09:14:47.989777+05:30
9f8aebdee26b8934dd31e83bb4d9ad50c8aa98655f83580b85588da59a0baab2,newsapi,https://line25.com/articles/mostbet-cz-casino-oficialni-stranky-prihlaseni-the-sazky-online/,Mostbet Cz Casino Oficiální Stránky Přihlášení The Sázky Online”,Line25.com,2025-11-06T01:49:07Z,negative,-0.273,unknown,0,,2025-11-07T09:14:50.856238+05:30
815dfe9db4fa75eca2fd165cfea12e6d350fc419b0bf27a40a5716e693b12639,newsapi,https://biztoc.com/x/b3dd29f91230a048,"Pony, WeRide Fall in HK Debuts After Dueling Robotaxi Listings",Biztoc.com,2025-11-06T01:42:30Z,negative,-0.128,unknown,0,,2025-11-07T09:14:53.108120+05:30
deb64adf52cd0ad99997541c94a86c153040f24687ae7f608efab6a37fcf4106,newsapi,https://biztoc.com/x/65868beeded6edf9,"Oil flat as weak demand, oil glut weigh on market",Biztoc.com,2025-11-06T01:42:25Z,negative,-0.599,unknown,0,,2025-11-07T09:14:57.103049+05:30
7db08ded25bbb66b86584535764fd9248a3416e636d3f299da5ebf7b04a329ae,newsapi,https://biztoc.com/x/ba3fcd3e004b27fd,"Sources and docs: after Marc Andreessen donated $5M+ to Trump's 2024 campaign, most CFPB probes have stalled, including three into Andreessen-backed companies",Biztoc.com,2025-11-06T01:42:20Z,negative,-0.318,unknown,0,,2025-11-07T09:15:00.072722+05:30
778e1d8b90f8d3f411720d7b3b2d8230e86191dbd1d389a3b469c91fa0a0fa1a,newsapi,https://biztoc.com/x/e6ed14cb7754b38e,JPMorgan CEO Sees Headcount Steady Despite AI: ‘Always Redeploy’,Biztoc.com,2025-11-06T01:31:35Z,negative,-0.128,unknown,0,,2025-11-07T09:15:01.709528+05:30
b64eb1fbf2de8343876b65639236d3f2ffa85e80886afb9a2ce959141912262a,newsapi,https://biztoc.com/x/f5b4131c4afd1450,Nissan Sells Headquarters to Minth Group in $584 Million Deal,Biztoc.com,2025-11-06T01:20:30Z,negative,-0.128,unknown,0,,2025-11-07T09:15:03.143197+05:30
cc2b5721c8dbb6fc8d6afe4f7a042adfc81a76e1680cda849b9f3820e7991752,newsapi,https://biztoc.com/x/764382bc04dfdffe,"OpenAI CFO Sarah Friar says an “IPO is not on the cards right now”, and that OpenAI hopes the US government might backstop the financing of data center deals",Biztoc.com,2025-11-06T01:20:05Z,positive,0.318,unknown,0,,2025-11-07T09:15:04.892447+05:30
6a2b44575eb6d7550a2e67b4a11f2b122b43b489ce22e99b5644ebb5dcbf473e,newsapi,https://biztoc.com/x/07f5182e15d5ca54,"Bitcoin drops below $100,000, filling traders with “an almost biblical level of dread”",Biztoc.com,2025-11-06T01:19:56Z,negative,-0.943,unknown,0,,2025-11-07T09:15:06.522130+05:30
477364b5c80c74ac7e99007f2509e842844cfc6c83daafef336f4b4ac392fc48,newsapi,https://biztoc.com/x/a25e7bbbfce68eea,Nexperia Says It Halted Supply After China Unit Refused to Pay,Biztoc.com,2025-11-06T01:09:13Z,negative,-0.477,unknown,0,,2025-11-07T09:15:08.160769+05:30
0212ff74eba49bebbcc11423be293aa40de30b0bdeb5c693f4d60f3cbb9c641f,newsapi,https://biztoc.com/x/70e6042ab5c5c1be,"Dollar dips from peaks, sterling squeezed ahead of BoE",Biztoc.com,2025-11-06T01:09:11Z,negative,-0.128,unknown,0,,2025-11-07T09:15:09.902063+05:30
5d6088f14c122f96e819e328f5793661d9959dc9fd1b6c57c7dc6e67f9dd1d1a,newsapi,https://biztoc.com/x/cb56c51e9183da56,Take a Drink From This Can-Do Stock. Shares Could Pop 30%,Biztoc.com,2025-11-06T01:09:01Z,positive,0.178,unknown,0,,2025-11-07T09:15:11.044073+05:30
b9e435b0eadad7910b217d369ae122a1fe3fbfb20dbad2d5eb2a4fccebf3cc8b,newsapi,https://biztoc.com/x/8218ce5c81d930d4,Saudis Cut Main Oil Price to Asia as Signs of Caution Emerge,Biztoc.com,2025-11-06T01:08:59Z,negative,-0.382,unknown,0,,2025-11-07T09:15:15.228131+05:30
4f691782cbbf45f55a1e10aeeb4a1606804d0f2f6a6b2599297558f6ae712fb5,newsapi,https://biztoc.com/x/f63282f4cedd444f,Supreme Court’s Trump Tariff Skepticism Means Uncertainty Reigns,Biztoc.com,2025-11-06T01:08:54Z,negative,-0.077,unknown,0,,2025-11-07T09:15:17.172336+05:30
b5cb8a92628730125f91642176226cc67148ff30223048678b2f41260afb36a5,newsapi,https://www.cnbc.com/2025/11/06/cnbc-daily-open-even-a-supreme-court-ruling-might-not-spell-the-end-of-tariffs.html,CNBC Daily Open: Even a Supreme Court ruling might not spell the end of tariffs,CNBC,2025-11-06T01:05:56Z,positive,0.881,unknown,0,,2025-11-07T09:15:20.876742+05:30
f3c14447aa5987adc0892d010938a340fc3dc79c90af980413f96fb6fa460977,newsapi,https://biztoc.com/x/620bb696fb3e9c0f,India’s Poorest State Goes to Polls in Test of Modi’s Strength,Biztoc.com,2025-11-06T00:58:24Z,negative,-0.202,unknown,0,,2025-11-07T09:15:23.420186+05:30
7226eeba794d9f6ad878426cb099be34f8390258094b6730e1c794880fb435c8,newsapi,https://biztoc.com/x/f431dcaad8c97bea,Gold Steadies as Traders Assess Outlook for US Interest Rates,Biztoc.com,2025-11-06T00:58:15Z,positive,0.361,unknown,0,,2025-11-07T09:15:26.071828+05:30
afc966ae729ca892ec694578a55c67538e327f98a833b8f68fd2d1660d0134e7,newsapi,https://biztoc.com/x/e369339fd8d01881,Japan’s Ruling Bloc Partner Warns Against Mixed-Message BOJ Hike,Biztoc.com,2025-11-06T00:58:12Z,negative,-0.226,unknown,0,,2025-11-07T09:15:28.128751+05:30
f6d8bfb40904b475c31c099a38e165b9612712fb9619041a0ef19caa0cb08778,newsapi,https://biztoc.com/x/2c856d0f189696e6,France says it will ban Shein in row over sex dolls and weapons,Biztoc.com,2025-11-06T00:47:44Z,negative,-0.791,unknown,0,,2025-11-07T09:15:31.714282+05:30
cf8f96e69680579386ca6967ae6d0c09340ab49dfa0c7ad53e06d94ac85a2366,newsapi,https://www.globenewswire.com/news-release/2025/11/08/3184064/0/en/BexBack-Unlocks-No-KYC-100x-Leverage-With-New-100-Bonus-for-Beginners.html,BexBack Unlocks No-KYC 100x Leverage With New $100 Bonus for Beginners,GlobeNewswire,2025-11-08T15:19:00Z,positive,0.967,unknown,0.0,,2025-11-09T21:07:47.935068+05:30
925ce8c32d6eeb36c99703754e7ce681b38e3358fc632bc3d1566770db24ff3d,newsapi,https://www.coindesk.com/policy/2025/11/08/state-of-crypto-sbf-somehow-had-another-bad-day-in-court,State of Crypto: SBF (Somehow) Had Another Bad Day in Court,CoinDesk,2025-11-08T15:00:00Z,negative,-0.948,unknown,0.0,,2025-11-09T21:07:51.029329+05:30
5bbd5b069c434cf0f2d748a384e3e6dfef74c571c8f6239c1d29b49a2535deb2,newsapi,https://beincrypto.com/bitcoin-declines-leave-major-crypto-treasuries-reeling/,Bitcoin Treasuries Face Capital Shock as Falling Prices Erase Gains,BeInCrypto,2025-11-08T14:48:30Z,positive,0.296,unknown,0.0,,2025-11-09T21:07:54.012092+05:30
a8eeae9e38263dec681532f80dde7aae5bc7c3b64bacdd52418c87966f972fc9,newsapi,https://decrypt.co/347880/cardsmiths-new-currency-cards-include-over-500k-bitcoin-dogecoin-ethereum,"Cardsmiths' New Currency Cards Include Over $500K in Real Bitcoin, Dogecoin and Ethereum",Decrypt,2025-11-08T14:01:04Z,positive,0.772,unknown,0.0,,2025-11-09T21:07:56.967955+05:30
06f25e0be17236239a6af04b2321786297c276520a4ccf22563520e105d0dc8f,newsapi,https://cryptoslate.com/zcash-soars-1486-in-3-months-and-reaches-highest-price-since-2018/,"Zcash soars 1,486% in 3 months and reaches highest price since 2018",CryptoSlate,2025-11-08T14:00:25Z,positive,0.791,unknown,0.0,,2025-11-09T21:08:00.357754+05:30
ed9d201b49530f7689fcb71f1da51b770d57e4a2a8dba5ffc50bbd0d963a7ee9,newsapi,https://www.coindesk.com/opinion/2025/11/05/long-dats-short-futures-a-new-wrinkle-on-the-basis-trade,"Long DATs, Short Futures: A New Wrinkle On The Basis Trade",CoinDesk,2025-11-08T14:00:00Z,positive,0.751,unknown,0.0,,2025-11-09T21:08:03.419050+05:30
c104b67f7894f4468e8d5ae814657fb4a743a82ba31bbaa6c0aa73f297e3b46b,newsapi,https://biztoc.com/x/efa500c15044917c,Bitcoin to $75K or $125K: This Is Where It Is Heading Next,Biztoc.com,2025-11-08T13:47:34Z,positive,0.340,unknown,0.0,,2025-11-09T21:08:06.696803+05:30
2dfd350dc6b7ab9f4738e34b4990e7dcf0f36395f577a473bc5f50c5063b29b4,newsapi,https://www.globenewswire.com/news-release/2025/11/08/3184059/0/en/Balvionex-Unveiled-How-Balvionex-Introduces-Advanced-AI-for-Real-Time-Trading-Efficiency.html,Balvionex Unveiled: How Balvionex Introduces Advanced AI for Real-Time Trading Efficiency,GlobeNewswire,2025-11-08T13:47:00Z,positive,0.935,unknown,0.0,,2025-11-09T21:08:09.767418+05:30
2ef39e66b508f7dfc225b1e6bfdca55b61797e615cf0368fd6e19ff6c0204a54,newsapi,https://www.coinspeaker.com/bitcoin-4-year-cycle-is-dead-heres-why-bull-run-is-not-over/,"Bitcoin 4-Year Cycle is Dead, Here’s Why Bull Run is Not Over",Coinspeaker,2025-11-08T13:28:33Z,negative,-0.649,unknown,0.0,,2025-11-09T21:08:12.843745+05:30
e80d85bec87aefd565fd3cc16aa8f4ed40c0ac9a753165ab991eaa150e4156b2,newsapi,https://247wallst.com/investing/2025/11/08/bitcoin-to-75k-or-125k-this-is-where-it-is-heading-next/,Bitcoin to $75K or $125K: This Is Where It Is Heading Next,24/7 Wall St.,2025-11-08T13:17:14Z,positive,0.190,unknown,0.0,,2025-11-09T21:08:15.913270+05:30
506fcc34c90facf8fc8090976184e57b9ab97d10b7cafa892c206becf32edd2c,newsapi,https://biztoc.com/x/a6bfe25147bc4a17,"Bitcoin Whales vs Everyone Else, and the Whales Are Winning",Biztoc.com,2025-11-08T13:03:02Z,positive,0.881,unknown,0.0,,2025-11-09T21:08:18.377296+05:30
1de790922893bfc681ae1abf50af262669b40980aae70d66c61129ace360bfe9,newsapi,http://www.newsbtc.com/news/bitcoin/bitcoin-may-launch-recovery-to-120000-if-this-condition-holds-details/,"Bitcoin May Launch Recovery To $120,000 If This Condition Holds – Details",newsBTC,2025-11-08T13:00:46Z,positive,0.273,unknown,0.0,,2025-11-09T21:13:03.957015+05:30
30ab46dd6d4b868a96cc3ce11dd983c3c6c96120a953f0cd8e4d9f55ca97dbeb,newsapi,https://www.coindesk.com/markets/2025/11/07/bitcoin-whales-vs-everyone-else-and-the-whales-are-winning,"Bitcoin Whales vs Everyone Else, and the Whales Are Winning",CoinDesk,2025-11-08T13:00:00Z,positive,0.848,unknown,0.0,,2025-11-09T21:13:06.924442+05:30
b9b8cc7040aca5a0d67993b187db6d425cb32778a0d0b42b73ead68be2ce8c95,newsapi,https://cointelegraph.com/news/pakistan-rupee-stablecoin-crypto-regulation-25b-loss,Pakistan mulls rupee-backed stablecoin as country sees $25B crypto opportunity,Cointelegraph,2025-11-08T12:59:41Z,positive,0.727,unknown,0.0,,2025-11-09T21:13:09.692147+05:30
26e25f5207d1c29a817f4ba36741cf4c604028f5acc57765596a9e0d9982be63,newsapi,https://cryptoslate.com/privacy-on-trial-as-samourai-wallet-cofounder-lands-in-jail-for-writing-code/,Privacy on trial as Samourai Wallet cofounder lands in jail for writing code,CryptoSlate,2025-11-08T12:58:18Z,negative,-0.718,unknown,0.0,,2025-11-09T21:13:12.355688+05:30
e98e5bce371559bfae252200d2187f526ebf2ca84f3426cbe204b91dafb4dcec,newsapi,https://finance.yahoo.com/news/asked-chatgpt-where-bitcoin-headed-125106005.html,I Asked ChatGPT Where Bitcoin Is Headed in 2026: Here’s What It Said,Yahoo Entertainment,2025-11-08T12:51:06Z,positive,0.778,unknown,0.0,,2025-11-09T21:13:14.847408+05:30
eb7ce9e1ed24266c237ccebf33bb9207a88bb7a3a647156b823bb0820bab555f,newsapi,https://cointelegraph.com/news/arthur-hayes-zcash-second-largest-holding-maelstrom,Arthur Hayes says Zcash has become his family office’s second-largest holding after Bitcoin,Cointelegraph,2025-11-08T11:50:26Z,neutral,0.000,unknown,0.0,,2025-11-09T21:13:17.524508+05:30
9c049c08522e8e98235e848d9539b0ad8e95b8d81884085ad754358690d03e51,newsapi,https://www.coinspeaker.com/gold-is-difficult-to-verify-cz-pokes-bitcoin-critic-peter-schiff/,‘Gold is Difficult to Verify’: CZ Pokes Bitcoin Critic Peter Schiff,Coinspeaker,2025-11-08T11:24:57Z,positive,0.103,unknown,0.0,,2025-11-09T21:13:20.235325+05:30
2cac2e6ae472adcad9ae316a9d61ff0ddb29787a7f8ee842bae2c6f7082759ef,newsapi,http://www.newsbtc.com/altcoin/sell-your-house-clothes-and-buy-xrp-solana-execs-wild-advice-goes-viral-92/,"‘Sell Your House, Clothes And Buy XRP’ — Solana Exec’s Wild Advice Goes Viral",newsBTC,2025-11-08T11:00:47Z,positive,0.586,unknown,0.0,,2025-11-09T21:13:22.796553+05:30
e9e04178a1bdc6844f4e41cd90235dbd8a3e1c42a93687f101373ab3c3e230fd,newsapi,https://ambcrypto.com/jpmorgan-doubles-down-on-bitcoin-with-343m-btc-bet-details/,JPMorgan doubles down on Bitcoin with $343M BTC bet – Details,Ambcrypto.com,2025-11-08T11:00:40Z,positive,0.542,unknown,0.0,,2025-11-09T21:13:25.462136+05:30
68cf76314d48c1cca46a2d6d32e8495011324dab7ddf3134dcf52312cfa65ebe,newsapi,https://blockspace.media/insight/bitcoin-mining-news-cipher-lands-5-5b-aws-lease-iren-inks-9-7b-microsoft-deal-and-public-bitcoin-miner-q3-earnings/,"Bitcoin mining news: Cipher lands $5.5B AWS lease, IREN inks $9.7B Microsoft deal, and public bitcoin miner Q3 earnings",Blockspace.media,2025-11-08T11:00:00Z,positive,0.807,unknown,0.0,,2025-11-09T21:13:28.222555+05:30
ed9502f7f847efdd21056a95ad5c9196140c602f908fdb2a60e392f1004459d2,newsapi,https://coinjournal.net/news/bitcoins-100000-level-turns-from-milestone-to-market-stress-point/,"Bitcoin’s $100,000 level turns from milestone to market stress point",Coinjournal.net,2025-11-08T10:44:05Z,negative,-0.710,unknown,0.0,,2025-11-09T21:13:30.881920+05:30
123d3d9d4d36be59343aadaf347da17fc4e50874735246a034dd948da0fdf49b,newsapi,https://cryptonews.com/news/bitcoin-miners-face-squeeze-as-hash-price-nears-break-even-levels/,Bitcoin Miners Face Squeeze as Hash Price Nears Break-Even Levels,Cryptonews,2025-11-08T10:25:30Z,negative,-0.103,unknown,0.0,,2025-11-09T21:13:33.652283+05:30
4afaf6207d680575a6e36b3dbfd8726afc9835fe7b2a58f46757e026b4dc6f5f,newsapi,https://cryptonews.com/news/trump-backed-american-bitcoin-expands-holdings-to-4004-btc-worth-415m/,"Trump-Backed American Bitcoin Expands Holdings to 4,004 BTC Worth $415M",Cryptonews,2025-11-08T10:19:52Z,positive,0.625,unknown,0.0,,2025-11-09T21:13:36.285857+05:30
6414a159c7e521e3271eabb818fa9e415a92d319f96982b9fdb392229ed7ad44,newsapi,https://cryptonews.com/news/crypto-treasuries-take-a-hit-as-month-long-market-slump-erodes-balance-sheets/,Crypto Treasuries Take a Hit as Month-Long Market Slump Erodes Balance Sheets,Cryptonews,2025-11-08T10:15:00Z,positive,0.718,unknown,0.0,,2025-11-09T21:13:39.039136+05:30
483b8b6581f1968b54d5e67580ad35922eecef40bbe8238467af9d1e8fe90721,newsapi,http://www.newsbtc.com/news/ethereum/ethereum-price-surge-to-5500/,"Ethereum Price Surge To $5,500: What To Watch Out For To Mark The Bottom",newsBTC,2025-11-08T09:30:37Z,negative,-0.402,unknown,0.0,,2025-11-09T21:13:41.521979+05:30
d8e78f5362f738be7794502e80ec3a88820dc2736da4a53cfa5afc7df99c82fe,newsapi,https://cryptobriefing.com/zcash-second-largest-hayes-maelstrom-portfolio/,Zcash rises to second-largest holding in Arthur Hayes’ Maelstrom portfolio behind Bitcoin,Crypto Briefing,2025-11-08T08:03:49Z,positive,0.572,unknown,0.0,,2025-11-09T21:13:44.142625+05:30
ad9295b8605c55137a707f6b01d2136dc1c8ac6e90003ff60c5e33de095e85b0,newsapi,https://bitcoinist.com/my-first-bitcoin-announces-global-expansion/,My First Bitcoin Announces Global Expansion For Independent BTC Education Worldwide,Bitcoinist,2025-11-08T08:00:16Z,positive,0.751,unknown,0.0,,2025-11-09T21:13:45.735950+05:30
37c20709617a49653ef7786e10430871ae352a7aa7f32445f0b8bf6990ddcf79,newsapi,https://economictimes.indiatimes.com/markets/cryptocurrency/crypto-news/stablecoins-are-like-email-in-a-fax-machine-world-andy-mukherjee/articleshow/125181038.cms,Stablecoins are like e-mail in a fax-machine world,The Times of India,2025-11-08T07:50:38Z,positive,0.906,unknown,0.0,,2025-11-09T21:13:48.746333+05:30
781650a9fa8f593784375ed8cb01e2965654bd6c76b29c69613e5bc617108daa,newsapi,https://cointelegraph.com/news/ark-invest-bitmine-tesla-trade-november-2025,Cathie Wood’s ARK Invest adds BitMine shares as it offloads $30M in Tesla stock,Cointelegraph,2025-11-08T07:27:58Z,positive,0.863,unknown,0.0,,2025-11-09T21:13:51.368550+05:30
c1707ea557019fadc8024b9fb9ee679461b09aac7440ced8fe317b67ad29b4d6,newsapi,https://beincrypto.com/bitcoin-survives-100k-crash-test-what-next/,"Bitcoin Survives the $100,000 Crash Test — What’s Next for the Market?",BeInCrypto,2025-11-08T07:17:54Z,negative,-0.477,unknown,0.0,,2025-11-09T21:13:53.830224+05:30
de6c4cf545b9bfdf90498fe42b5a68c008c41781ec326539910de8036c16d9ed,newsapi,http://www.newsbtc.com/news/solanas-etf-era-could-redefine-its-position-in-the-crypto-hierarchy-report/,Solana’s ETF Era Could ‘Redefine Its Position In The Crypto Hierarchy’ – Report,newsBTC,2025-11-08T07:00:46Z,negative,-0.128,unknown,0.0,,2025-11-09T21:13:56.589887+05:30
fb0fd8dfc694b2ccc28df7d8d53c5c76f06290519a50bb20205776c656be2d34,newsapi,https://bitcoinist.com/bitcoin-stir-52-billion-old-coins-revived-this-year/,Ancient Bitcoin Holders Stir: $52 Billion In Old Coins Revived This Year,Bitcoinist,2025-11-08T07:00:28Z,negative,-0.681,unknown,0.0,,2025-11-09T21:13:59.301099+05:30
00dd985b9f471bcd13c51a372e02b132acbe4c3d4811e148be20a28b48c2d90e,newsapi,https://cointelegraph.com/news/mev-bot-trial-ends-in-mistrial-after-jury-deadlock-on-brothers-verdict,MEV bot trial ends in mistrial after jury deadlock on brothers’ verdict,Cointelegraph,2025-11-08T06:44:50Z,negative,-0.872,unknown,0.0,,2025-11-09T21:14:02.116958+05:30
86f937d5b3aa610d7e0d5528a6cb3ee9808ded1cb6d447029e3d72e4d70a748c,newsapi,https://cryptobriefing.com/ethereum-bitcoin-third-largest-etf-outflow-507-million/,Ethereum joins Bitcoin in recording third-largest weekly ETF outflow at $508M,Crypto Briefing,2025-11-08T06:13:14Z,negative,-0.153,unknown,0.0,,2025-11-09T21:14:04.785488+05:30
8f1a734c536688de0b3a4e6b13874b6b4ccee76e584f9b6d8c1b456e1f6e3725,newsapi,https://apnews.com/article/2026-election-utility-bills-ai-data-centers-13703f61d1397612fd067e69b9093116,Data centers and rising utility bills emerge as flashpoints for 2026 elections,Associated Press,2025-11-08T06:06:25Z,negative,-0.840,unknown,0.0,,2025-11-09T21:14:07.345238+05:30
42708800d16088c202e84b1215c080a7f9948228d8807cf9609a370d5d73ce13,newsapi,https://bitcoinist.com/bitwise-to-debut-dogecoin-etf-following-sec-filing-update-heres-when/,Bitwise To Debut Dogecoin ETF Following SEC Filing Update – Here’s When,Bitcoinist,2025-11-08T06:00:50Z,positive,0.881,unknown,0.0,,2025-11-09T21:14:10.313422+05:30
449dc14216238a9210a96976d9bdbafea7c644ba1826978f865369ec179afd42,newsapi,https://cryptoslate.com/will-elon-musk-now-reach-1-trillion-before-ethereum/,The race to $1 trillion: Who should win Elon Musk or Ethereum?,CryptoSlate,2025-11-08T06:00:31Z,positive,0.929,unknown,0.0,,2025-11-09T21:14:12.771902+05:30
850a0e1f2a720e8e8010218b79bdb98f0dc8722149ca256fa923688230e02b69,newsapi,http://www.newsbtc.com/bitcoin-news/bitcoin-options-craze-oi-printing-aths-glassnode/,"Bitcoin Options Craze: OI Looks Set To Keep Printing ATHs, Glassnode Says",newsBTC,2025-11-08T06:00:29Z,positive,0.758,unknown,0.0,,2025-11-09T21:14:15.327942+05:30
d38abb990b023a1642763cc8161af7c6b0835574ca3ca17c2107b1fa4a939fd8,newsapi,https://cryptobriefing.com/blackrock-clients-divest-127m-bitcoin/,BlackRock Bitcoin ETF sells $127M in Bitcoin,Crypto Briefing,2025-11-08T05:29:58Z,positive,0.735,unknown,0.0,,2025-11-09T21:14:17.991475+05:30
fee74a73d143d234c030fa95075cc5275939236eb860fa026229b158b1412a9b,newsapi,https://abcnews.go.com/US/wireStory/voters-anger-high-electricity-bills-data-centers-loom-127325979,Voters’ anger over high electricity bills and data centers loom over 2026 midterms,ABC News,2025-11-08T05:25:30Z,negative,-0.952,unknown,0.0,,2025-11-09T21:14:20.863918+05:30
ffa21ae814c35925ebf59315cda394e034a56658c98e75850f0153982e8ac15d,newsapi,https://cointelegraph.com/news/bitcoin-to-250k-in-3-months-would-be-one-of-the-worst-things-analyst,Bitcoin to $250K in 3 months would be ‘one of the worst things’: Analyst,Cointelegraph,2025-11-08T05:16:55Z,negative,-0.827,unknown,0.0,,2025-11-09T21:14:23.627202+05:30
a247361002dcb51c22711fb964da933a6345395995affc42afb1e482bf75729d,newsapi,https://www.dlnews.com/articles/markets/ripple-leads-666-million-crypto-funding-bonanza/,Ripple leads $666m funding bonanza as crypto startups double amounts raised in 2025,Dlnews.com,2025-11-08T05:12:00Z,negative,-0.421,unknown,0.0,,2025-11-09T21:14:26.389233+05:30
5fce1f9c869c10d7b7c333f829e2db36c47fd396b5a81d5993a358b04548898c,newsapi,https://finance.yahoo.com/news/block-ceo-jack-dorsey-says-050813759.html,"Block CEO Jack Dorsey Says Company Has 'A Lot Of Hope' From Upcoming Square Bitcoin Payment Rollout, But Notes This 'Challenge'",Yahoo Entertainment,2025-11-08T05:08:13Z,negative,-0.827,unknown,0.0,,2025-11-09T21:14:29.181739+05:30
3569a880dc15f2e7c824188121479a768b23b21c502b4eaffcd26fc9b1347b9f,newsapi,http://www.newsbtc.com/news/polkadot-dot/polkadot-2-85-breakout-ahead/,Polkadot Break Above $2.85 Ahead? Reversal Setup Forms Beneath Heavy Resistance,newsBTC,2025-11-08T05:00:50Z,negative,-0.318,unknown,0.0,,2025-11-09T21:14:30.892950+05:30
029ae26cea3a534ffb8d965b5f7ae7d90edbb89556fced8fe99d85d63dd8327f,newsapi,https://ambcrypto.com/cathie-wood-cuts-bitcoins-2030-target-to-1-2m-heres-why/,Cathie Wood cuts Bitcoin’s 2030 target to $1.2M – Here’s why,Ambcrypto.com,2025-11-08T05:00:23Z,negative,-0.128,unknown,0.0,,2025-11-09T21:14:32.555774+05:30
0d56280ed063c7f4ffcbd463012241c5929615c9c8d9706a89aae49eb0c2a609,newsapi,https://bitcoinist.com/national-crypto-reserve-fund-by-kazakhstan-2026/,"National Crypto Reserve Fund By Kazakhstan Slated For 2026 Launch, Valued At $500M-$1B",Bitcoinist,2025-11-08T05:00:06Z,positive,0.878,unknown,0.0,,2025-11-09T21:14:34.135311+05:30
4b3183b6ea2a777d87ad2513e95632201e4cad5020daa15a02674e2aead3713e,newsapi,https://cryptobriefing.com/trump-media-bitcoin-holdings-sept-2025/,Trump Media and Technology Group discloses holding $1.3B in Bitcoin,Crypto Briefing,2025-11-08T04:49:37Z,positive,0.751,unknown,0.0,,2025-11-09T21:14:35.828769+05:30
42e21b4be414d8498eab34a1d77a9f566ddf626e9b36b3f4b20f7689e65a195a,newsapi,https://biztoc.com/x/82b0c97b7b6a0a5f,"XRP Outperforms Bitcoin as ETF Filings Enter 20-Day Window, Setting up Breakout Trade to $2.80",Biztoc.com,2025-11-08T04:43:23Z,positive,0.950,unknown,0.0,,2025-11-09T21:14:37.319790+05:30
fd994ff7679795a015155ceffafc9e638cb6b67b3319991a1eeb8820e2143ce5,newsapi,https://www.coindesk.com/markets/2025/11/08/xrp-outperforms-bitcoin-as-etf-filings-gain-steam-setting-up-breakout-trade-to-usd2-80,"XRP Outperforms Bitcoin as ETF Filings Gain Steam, Setting up Breakout Trade to $2.80",CoinDesk,2025-11-08T04:39:20Z,positive,0.920,unknown,0.0,,2025-11-09T21:14:38.852709+05:30
c9e0b5fa905b91bb839bb48fbbb5ec9fdda7a968afcb3139b23fdb45ff0bd351,newsapi,http://www.newsbtc.com/news/future-xrp-holders-might-poop-their-pants-when-price-slips-from-1200-to-1000-analyst/,"Future XRP Holders Might ‘Poop Their Pants’ When Price Slips From $1,200 To $1,000—Analyst",newsBTC,2025-11-08T04:00:58Z,negative,-0.179,unknown,0.0,,2025-11-09T21:14:40.824600+05:30
c065201d6a93d4cc402dfbfc076fb1649f313be14cb5dc16e4ed2bb4bc7e0224,newsapi,https://bitcoinist.com/japans-megabanks-approval-joint-stablecoin-project/,Japan’s Megabanks Win Approval For Joint Stablecoin Project,Bitcoinist,2025-11-08T04:00:08Z,positive,0.784,unknown,0.0,,2025-11-09T21:14:42.569218+05:30
6f8131605ea9528862f1d58407c25a93021326edd0542851ae3a54fc684e0982,newsapi,https://economictimes.indiatimes.com/markets/stocks/news/nasdaq-posts-worst-week-since-april-amid-ai-rally-jitters-us-yields-slip/articleshow/125177839.cms,"Nasdaq posts worst week since April amid AI rally jitters, US yields slip",The Times of India,2025-11-08T03:45:41Z,negative,-0.215,unknown,0.0,,2025-11-09T21:14:44.339537+05:30
897452d532be71671f4046da611a546949db60f617a2d134ba45579e5dc5e324,newsapi,https://www.foxnews.com/media/crypto-founder-pardoned-trump-denies-having-ties-trump-family,Crypto founder pardoned by Trump denies having ties to president's family,Fox News,2025-11-08T03:32:58Z,positive,0.745,unknown,0.0,,2025-11-09T21:14:47.613407+05:30
9a1e9f855a1bce2bbf49b7580c09bedd6ec7e93203334d077834fff65952b203,newsapi,https://bitcoinist.com/bitcoin-boom-reward-spains-science-institute-to-liquidate-decade-old-btc-holdings/,Bitcoin Boom Reward: Spain’s Science Institute To Liquidate Decade-Old BTC Holdings,Bitcoinist,2025-11-08T03:00:18Z,positive,0.572,unknown,0.0,,2025-11-09T21:14:51.992391+05:30
8aa047d29eeddb9ff19fed32aff34357afbd16c9ca322d05fb67180ad4755a5b,newsapi,http://www.newsbtc.com/bitcoin-news/bitcoin-erases-recovery-coinbase-relentlessly-sell/,Bitcoin Erases Recovery As Coinbase Users Relentlessly Sell,newsBTC,2025-11-08T03:00:07Z,negative,-0.382,unknown,0.0,,2025-11-09T21:14:55.064543+05:30
4edfb919ede35690df9faf2b248a0e2cdf7bf8d546effc68c4222053b4a518e2,newsapi,https://cointelegraph.com/news/bitcoin-price-predictions-bias-sellers-bear-market-crypto-analyst,Bitcoin price crash calls are coming from self-serving sellers: Analyst,Cointelegraph,2025-11-08T02:32:00Z,negative,-0.637,unknown,0.0,,2025-11-09T21:15:01.104079+05:30
ab11fe69b8bad6aec6794d903e3ac83ae9f563999fce1776b2a112a82af3cb1d,newsapi,https://en.antaranews.com/news/390661/devvstream-reports-fiscal-year-2025-results-and-advances-digital-asset-and-tokenization-strategy,DevvStream Reports Fiscal Year 2025 Results and Advances Digital-Asset and Tokenization Strategy,Antaranews.com,2025-11-08T02:07:31Z,positive,0.751,unknown,0.0,,2025-11-09T21:15:03.977353+05:30
46f91846867c28bbefdb434429d3c3607a11989f9922b745de60f24c642fea0d,newsapi,https://bitcoinist.com/bitcoin-structure-changing-what-rising-cdd-says/,Bitcoin Structure Is Changing: What Rising CDD Says About This Cycle,Bitcoinist,2025-11-08T02:00:59Z,negative,-0.957,unknown,0.0,,2025-11-09T21:15:08.495457+05:30
1e77266044cd08375232ea25d44a71d9aa6da93a42e4e364b33132d8331ec4f7,newsapi,http://www.newsbtc.com/bitcoin-news/bitcoin-valuation-reset-mvrv-slides-into-macro-correction-territory-what-this-means/,Bitcoin Valuation Reset: MVRV Slides Into Macro Correction Territory — What This Means,newsBTC,2025-11-08T02:00:50Z,negative,-0.226,unknown,0.0,,2025-11-09T21:15:13.086534+05:30
e2f2325b2d11f7c80b8b9adadb016f8d6a646bd81e4db3b419167650996b0396,newsapi,http://www.newsbtc.com/bitcoin-news/most-dangerous-bitcoin-boom-ray-dalio/,Most Dangerous Bitcoin Boom Yet? Ray Dalio Warns Of ‘Stimulus Into A Bubble’,newsBTC,2025-11-08T01:00:45Z,negative,-0.968,unknown,0.0,,2025-11-09T21:15:17.493812+05:30
936f2027ec16218c07aec39a4fa93e0245db9501c25668b7f91525c2b8b24471,newsapi,https://bitcoinist.com/bitcoin-range-bound-at-102k-amid-weak-macro-signals/,Bitcoin Stays Range-Bound at $102K Amid Weak Macro Signals and Mixed Institutional Predictions,Bitcoinist,2025-11-08T01:00:09Z,negative,-0.361,unknown,0.0,,2025-11-09T21:15:20.354785+05:30
2d9a50e5a707734c1458d80c23288f13bab5eddecea989dfe384eeb72f65116a,newsapi,https://line25.com/articles/aviator-sport-bet-and-perform-aviator-money-video-game-by-spribe/,Aviator Sport: Bet And Perform Aviator Money Video Game By Spribe,Line25.com,2025-11-08T00:28:51Z,neutral,0.026,unknown,0.0,,2025-11-09T21:15:23.118005+05:30
0d97df02d7244456639d15a8596cd489aa56181b00b1f0c29a590cbfed13e15e,newsapi,http://www.newsbtc.com/altcoin/300-million-worth-of-xrp-on-the-move-where-are-they-headed/,$300 Million Worth Of XRP On The Move – Where Are They Headed?,newsBTC,2025-11-09T02:30:29Z,positive,0.572,unknown,0.0,,2025-11-10T08:24:34.662131+05:30
6fc5e6f86a9f57b76d7c92726c182aa5176bfa0d46bbe836bc40d700f8518ce4,newsapi,https://ambcrypto.com/ethereum-how-10b-short-squeeze-could-fuel-eth-past-4500/,"Ethereum: How $10B short squeeze could fuel ETH past $4,500",Ambcrypto.com,2025-11-09T02:00:33Z,positive,0.788,unknown,0.0,,2025-11-10T08:24:37.884023+05:30
8d15536b7de8c156eb924dece9c2d8eea47eac86093514922a0924d107a1f015,newsapi,https://cointelegraph.com/news/bitcoin-dominance-bearish-altcoin-season-signals-crypto-analyst,Altcoin season signals hide in 'many weeks' of bearish BTC dominance: Analyst,Cointelegraph,2025-11-09T01:35:20Z,positive,0.743,unknown,0.0,,2025-11-10T08:24:41.242046+05:30
a39d609c1dde845c14991c00f84c2e9beb9317e9207cb48a15b3ce4f28d5831d,newsapi,https://bitcoinist.com/bitcoin-at-discount-on-coinbase/,Bitcoin Trades At A Discount On Coinbase As US Spot Demand Softens — Here’s Why,Bitcoinist,2025-11-09T01:30:58Z,negative,-0.361,unknown,0.0,,2025-11-10T08:24:44.333923+05:30
3ada900713446321a8353a099b65556d436029e3482f03838e463ac8e06eeaa6,newsapi,https://ambcrypto.com/zcash-plunges-14-but-traders-eye-1000-zec-rally-why/,"ZCash plunges 14% – But traders eye $1,000 ZEC rally: Why?",Ambcrypto.com,2025-11-09T01:00:52Z,positive,0.922,unknown,0.0,,2025-11-10T08:24:47.608962+05:30
8380b53254b43f44524813783cbba95a667653099d2c2c0d21594340fe9e075f,newsapi,http://www.newsbtc.com/news/bitcoin/bitcoin-bounces-from-100000/,"Bitcoin Bounces From $100,000 — Bullish Reversal Or Another Trap?",newsBTC,2025-11-09T01:00:16Z,negative,-0.382,unknown,0.0,,2025-11-10T08:24:50.791881+05:30
b9746b54d8781773939f23ad51ffaf9b6c6de0afa823ee4ff6eb0cafc7f3c8dd,newsapi,https://www.coindesk.com/business/2025/11/09/the-great-korean-pivot-from-memecoins-to-machine-chips,The Great Korean Pivot: From Memecoins to Machine Chips,CoinDesk,2025-11-09T01:00:00Z,positive,0.226,unknown,0.0,,2025-11-10T08:24:53.757227+05:30
7143522cb44c71f01bfbdd62ccc716cd36d1e5b742d3f633400de1d18edfa60d,newsapi,http://www.newsbtc.com/news/bitcoin/bitcoin-price-if-it-follows-gold/,What Happens To The Bitcoin Price If It Follows Gold?,newsBTC,2025-11-08T23:30:37Z,positive,0.586,unknown,0.0,,2025-11-10T08:24:56.824644+05:30
aaff3163abbc8b19d1a0672709b5d34653786052834b508dc0520fd71b2dcb40,newsapi,http://www.newsbtc.com/news/litecoin-set-for-next-leg-higher/,Litecoin Readies For Next Leg Higher As LTCBTC Tightens Beneath Range High,newsBTC,2025-11-08T23:30:36Z,neutral,-0.026,unknown,0.0,,2025-11-10T08:24:59.793403+05:30
3addffc8f80cb7b69cc0031e8ed336077786c2b1fecda58e5c8a328f986ec991,newsapi,https://cointelegraph.com/news/bitcoin-power-law-coiled-spring-burst-higher,Bitcoin power law suggests a 'coiled spring' ready to burst higher: Analyst,Cointelegraph,2025-11-08T23:05:44Z,positive,0.832,unknown,0.0,,2025-11-10T08:25:02.879997+05:30
3148aabb50ec1ebd9aa269c3d60b0777c146287aa41834a81635120782936b1b,newsapi,https://ambcrypto.com/bitcoin-mvrv-ratio-hits-7-month-low-is-a-btc-rebound-ahead/,Bitcoin MVRV ratio hits 7-month low – Is a BTC rebound ahead?,Ambcrypto.com,2025-11-08T23:00:30Z,positive,0.755,unknown,0.0,,2025-11-10T08:25:06.040874+05:30
282c728cdaee4b1a129bd46d017c00caa54d5f32d0366c1f7149b061c43de608,newsapi,https://bitcoinist.com/no-mercy-for-samourai-wallet-developer-keonne-rodriguez-sentenced-to-the-maximum/,No Mercy For Samourai Wallet Developer: Keonne Rodriguez Sentenced To The Maximum,Bitcoinist,2025-11-08T22:30:51Z,negative,-0.900,unknown,0.0,,2025-11-10T08:25:09.214737+05:30
27a5581b0585da7f36b58a67af0c86fac7c99651a7a666ec2d18034b54d61e91,newsapi,http://www.newsbtc.com/news/zcash-zec/zcash-euphoria-is-finally-here-time-to-cash-in/,ZCash (ZEC) Euphoria Is Finally Here — Time To Cash In?,newsBTC,2025-11-08T22:00:05Z,positive,0.947,unknown,0.0,,2025-11-10T08:25:12.798815+05:30
1174c54a8d7c79de5185862453d81853858de354355a0cd3e38e5f5a83b4af53,newsapi,https://nypost.com/2025/11/08/business/ai-models-given-10k-to-compete-in-first-of-its-kind-crypto-trading-competition-and-most-crashed-and-burned/,AI models given $10K to compete in first-of-its-kind crypto-trading competition — and most crashed and burned,New York Post,2025-11-08T21:53:58Z,positive,0.854,unknown,0.0,,2025-11-10T08:25:15.772666+05:30
ebec181d4f5e57055bf28778b6a5d0a79902dad03061f1256822535b03641821,newsapi,https://biztoc.com/x/6a062c6cfe8ac07a,What the U.S.-China trade truce means for the soybean market — and U.S. farmers,Biztoc.com,2025-11-08T21:46:39Z,neutral,0.000,unknown,0.0,,2025-11-10T08:25:18.840719+05:30
cbd1f2242c44f23aacf48eb3736ec1ca0c48c662887e70c69b524540f3b8428d,newsapi,https://biztoc.com/x/d7781a6814d4179c,"As US schools adopt AI, a look at the growing use of AI-powered monitoring tools like GoGuardian to scan students' chatbot conversations for signs of self-harm",Biztoc.com,2025-11-08T21:46:38Z,positive,0.599,unknown,0.0,,2025-11-10T08:25:22.116719+05:30
930f65ef85e3780f6ce42523e6281102404b186da44b714c6f1f09ca2d82cbc9,newsapi,https://biztoc.com/x/f276ac76f7d827ac,Hegseth says he wants the Pentagon to prioritize speed over cost when buying weapons,Biztoc.com,2025-11-08T21:35:28Z,negative,-0.440,unknown,0.0,,2025-11-10T08:25:24.394094+05:30
f7738293688fc1482aa20686f7e384db443a60a1f94fc7a353ca13566405ef27,newsapi,https://biztoc.com/x/cf7a29ba0c6643cb,Is the U.S. jobs market tanking? Here’s what the latest clues say,Biztoc.com,2025-11-08T21:35:23Z,neutral,0.000,unknown,0.0,,2025-11-10T08:25:26.664626+05:30
4047da1bba437869d9806c113c276918e73c66bb02fade2174f0bb232e9f32f8,newsapi,https://biztoc.com/x/a20515f6bda75f77,"Paz Takes Office in Bolivia, Ending Decades of Socialist Rule",Biztoc.com,2025-11-08T21:13:31Z,neutral,0.000,unknown,0.0,,2025-11-10T08:25:28.507805+05:30
6dd62c5852d07e21e6b68277779ed7dbc5422cb735094a7a67b37f3a1ec9a4ac,newsapi,https://biztoc.com/x/e298459bbc10ff1e,Data Fog Intensifying for Fed as Shutdown Delays US Inflation Numbers,Biztoc.com,2025-11-08T21:13:22Z,neutral,0.000,unknown,0.0,,2025-11-10T08:25:30.615484+05:30
706234c4b7bf4893be60b201e52238757eb400471165a671e0d33ba6cf6ef148,newsapi,https://biztoc.com/x/548cde2d1264f4d6,"Firefighters battle 1,000-hectare blaze in New Zealand's Tongariro Park",Biztoc.com,2025-11-08T21:13:15Z,negative,-0.382,unknown,0.0,,2025-11-10T08:25:32.572646+05:30
2711e43c49708fc02b4d194ec71c21d2fd1456095732a4c44d3c5e2612d73929,newsapi,https://biztoc.com/x/177fea2936f4d88b,Bulgaria moves to prevent shutdown of its only oil refinery ahead of US sanctions,Biztoc.com,2025-11-08T21:12:53Z,neutral,0.026,unknown,0.0,,2025-11-10T08:25:35.695192+05:30
810487e22638f29a6a705f059f6bc50e8d0cd45de9020e3513089f165934ab64,newsapi,https://finance.yahoo.com/news/coinbase-owns-institutional-trust-crypto-210231786.html,Coinbase Owns 'Institutional Trust' in Crypto—But 3 Public Rivals Are About To Test That Claim,Yahoo Entertainment,2025-11-08T21:02:31Z,positive,0.619,unknown,0.0,,2025-11-10T08:25:38.809982+05:30
48845600d6f362036b658f9f7a390a17d9ad4daf4fb38d5f7db84c42ea3093e2,newsapi,https://biztoc.com/x/d86cbe19bcfcf21b,Musk has his $1 trillion pay package. Here’s what could keep him from getting the money,Biztoc.com,2025-11-08T21:02:22Z,negative,-0.103,unknown,0.0,,2025-11-10T08:25:42.361790+05:30
ebcd781dc0c641df4fa92ce485012a2545254f4fdb6d3613be258c31bf3b797f,newsapi,https://bitcoinist.com/bitcoin-set-for-long-squeeze-retailers-panic-sell/,Bitcoin Set For Long Squeeze As Retailers Panic Sell — What To Expect,Bitcoinist,2025-11-08T21:00:43Z,positive,0.572,unknown,0.0,,2025-11-10T08:25:45.465811+05:30
27271f3ac531b2766d4f35bd6277af4977e919d22687323aab683c8ee174fb51,newsapi,https://cointelegraph.com/news/cz-says-surprised-pardon-denies-ties-trump-family,"CZ says he was surprised by pardon, denies ties to the Trump family",Cointelegraph,2025-11-08T20:59:01Z,positive,0.700,unknown,0.0,,2025-11-10T08:25:48.333353+05:30
bd2d386012f13b318bddbf8e63931a0bfd200ef27a1b7c2e9917fc401e538afc,newsapi,https://biztoc.com/x/dae56374023d4140,Hundreds More Flights Canceled as Shutdown Deepens Travel Chaos,Biztoc.com,2025-11-08T20:50:54Z,negative,-0.572,unknown,0.0,,2025-11-10T08:25:51.408840+05:30
f96ddb25b324407c7851d9b29bde4cd56cece267f6d37a3c4dde5c6900ad3a41,newsapi,https://biztoc.com/x/6a54ea7475bf0606,Cathie Wood Confirms $1 Million Bitcoin Price Target Despite Market Volatility,Biztoc.com,2025-11-08T20:50:41Z,positive,0.883,unknown,0.0,,2025-11-10T08:25:54.566800+05:30
d2a1bb43750e7c53822f0387dd77b68c9c8532d1615a36160d5f86deacce3663,newsapi,https://biztoc.com/x/2af71d8ecb2a2f83,Brazilian environmentalist gets funded by DiCaprio after false forest fire accusation by Bolsonaro,Biztoc.com,2025-11-08T20:39:43Z,negative,-0.527,unknown,0.0,,2025-11-10T08:25:57.852069+05:30
70ce1a621c9d37e78dab8544d4508a8371bd946b7c08467de56de82e7521fada,newsapi,https://finance.yahoo.com/news/cathie-wood-confirms-1-million-203740643.html,Cathie Wood Confirms $1 Million Bitcoin Price Target Despite Market Volatility,Yahoo Entertainment,2025-11-08T20:37:40Z,positive,0.751,unknown,0.0,,2025-11-10T08:26:01.235180+05:30
f089174603caeecc88eefdbbf1af1ab4248a149bce1cbb3421cf03842d292ff0,newsapi,https://cryptoslate.com/70-of-top-bitcoin-miners-are-already-using-ai-income-to-survive-bear-market/,70% of top Bitcoin miners are already using AI income to survive bear market,CryptoSlate,2025-11-08T20:30:53Z,positive,0.772,unknown,0.0,,2025-11-10T08:26:04.101761+05:30
7dadd64f0490b2eabf8cf3e95f5bbf468e0c259f3263d0671914a85e5ad55a90,newsapi,https://ambcrypto.com/litecoin-three-reasons-ltc-could-lead-q4-altcoin-gains/,Litecoin: THREE reasons LTC could lead Q4 altcoin gains,Ambcrypto.com,2025-11-08T20:00:45Z,positive,0.877,unknown,0.0,,2025-11-10T08:26:07.378895+05:30
38ec02b9df27ffb4a0badc17c58cad8f1fdde9baa044fa7ccfa42a63060643a4,newsapi,https://zycrypto.com/willy-woo-dismisses-bitcoin-liquidation-risk-for-strategy-in-future-bear-market/,Willy Woo Dismisses Bitcoin Liquidation Risk for Strategy in Future Bear Market,ZyCrypto,2025-11-09T11:10:29Z,positive,0.898,unknown,0.0,,2025-11-10T17:06:41.867087+05:30
92e0b3e0603e98847014c93a9b5a48fa8b5796960dd7fb3e0f44b418d27aa594,newsapi,https://zycrypto.com/bitcoin-outflows-deepen-as-ether-solana-xrp-clinch-massive-500-million-institutional-capital/,"Bitcoin Outflows Deepen as Ether, Solana, XRP Clinch Massive $500 Million Institutional Capital",ZyCrypto,2025-11-09T11:06:51Z,negative,-0.681,unknown,0.0,,2025-11-10T17:06:44.017512+05:30
663f2136a0b94e2c094d5997884de4b13db2a6e9f3c8c7996228c26076a9c5e8,newsapi,https://zycrypto.com/franklin-templeton-tightens-spot-xrp-etf-filing-approval-could-be-imminent/,"Franklin Templeton Tightens Spot XRP ETF Filing, Approval Could Be Imminent",ZyCrypto,2025-11-09T10:58:08Z,positive,0.796,unknown,0.0,,2025-11-10T17:06:46.781235+05:30
9692039534454f28bae7eda66c2295582db41fe8eb98fdc33ab295bac3298f41,newsapi,https://zycrypto.com/bitcoin-whales-are-present-but-retail-players-are-no-where-to-be-found-expert-speaks-on-potential-impact/,Bitcoin whales are present but retail players are no where to be found—expert speaks on potential impact ‬,ZyCrypto,2025-11-09T10:38:43Z,positive,0.077,unknown,0.0,,2025-11-10T17:06:50.867474+05:30
e3145e174b1b3f566b331ce21c4071f7f64e66f1d4299409eeab99a328c474a4,newsapi,https://zycrypto.com/charles-hoskinson-bitcoins-defi-could-be-the-largest-contributor-to-cardanos-tvl/,Charles Hoskinson: Bitcoin’s DeFi Could be the Largest Contributor to Cardano’s TVL‬,ZyCrypto,2025-11-09T10:35:31Z,neutral,0.000,unknown,0.0,,2025-11-10T17:07:49.453649+05:30
344c039730a92424da3cc2195428f01a8d38b1088e633e5fe9b7936a5bcb4977,newsapi,https://biztoc.com/x/e35c55e9e89f04df,The Year’s Hottest Crypto Trade Is Crumbling,Biztoc.com,2025-11-09T10:34:45Z,neutral,0.000,unknown,0.0,,2025-11-10T17:07:52.217782+05:30
840de1b25ac03d55210eb837a1afbdde3f13e2784731cc410f9d1a371bc09d72,newsapi,https://mypeoplesreview.com/2025/11/09/book-on-travails-of-nepals-water-resources-unveiled/,Book on “Travails of Nepal’s Water Resources” unveiled,Mypeoplesreview.com,2025-11-09T10:32:17Z,positive,0.128,unknown,0.0,,2025-11-10T17:07:54.878567+05:30
8a3171ddb530d293993e838cc9abf2254732ab09a22d9bb8139226c2ee9d29fa,newsapi,https://economictimes.indiatimes.com/markets/cryptocurrency/robert-kiyosaki-predicts-market-crash-again-bets-on-gold-at-27k-and-bitcoin-at-250k/articleshow/125200182.cms,"Robert Kiyosaki predicts market crash again, bets on gold at $27K and Bitcoin at $250K",The Times of India,2025-11-09T10:29:58Z,negative,-0.842,unknown,0.0,,2025-11-10T17:08:34.820556+05:30
b5e2203dd64ac0f74b56b87135bda19dbb761130082d68c8ef498e1af032ac1a,newsapi,https://zycrypto.com/november-could-be-bitcoins-most-bullish-month-heres-what-experts-are-anticipating/,November Could be Bitcoin’s Most Bullish Month—Here’s What Experts are Anticipating,ZyCrypto,2025-11-09T10:28:52Z,positive,0.765,unknown,0.0,,2025-11-10T17:08:38.096284+05:30
8aab38f6b6972975092bd806b177d198b386e95db47c1e4534574e0610db61f3,newsapi,https://zycrypto.com/american-bitcoin-backed-by-eric-and-donald-trump-jr-adds-139-btc-boosting-treasury-above-415-million/,"American Bitcoin, Backed By Eric And Donald Trump Jr., Adds 139 BTC, Boosting Treasury Above $415 Million",ZyCrypto,2025-11-09T10:22:16Z,positive,0.542,unknown,0.0,,2025-11-10T17:08:41.538317+05:30
35fd6a5e282a7985573d6140879435e41df188b91e237bc8cb19cbb23394790e,newsapi,http://www.newsbtc.com/news/bitcoin/bitcoin-correction-nears-peak-point-is-a-rebound-underway/,Bitcoin Correction Nears Peak Point — Is A Rebound Underway?,newsBTC,2025-11-09T10:00:38Z,positive,0.637,unknown,0.0,,2025-11-10T17:08:44.647718+05:30
d1a8824915d4d94be8e9c7a2be7185cdc0c57c6098b2bbd066c0904fb50fc170,newsapi,https://bitcoinist.com/bitcoin-etfs-net-outflows-1-billion-100000-restest/,"Bitcoin ETFs Weekly Net Outflows Cross $1 Billion Amid $100,000 Price Retest",Bitcoinist,2025-11-09T10:00:24Z,negative,-0.494,unknown,0.0,,2025-11-10T17:08:49.473548+05:30
602b1516c10082acf8d9bde1cd1e345763aeaa8df09f95ff6fc0f75f5e85a792,newsapi,https://cointelegraph.com/news/robert-kiyosaki-says-hes-buying-targets-250k-bitcoin-27k-gold,"Robert Kiyosaki says he’s buying, targets $250K Bitcoin and $27K gold",Cointelegraph,2025-11-09T09:30:12Z,positive,0.371,unknown,0.0,,2025-11-10T17:08:52.224779+05:30
379ae7b433b973e2faeb31f9519b18825b905c6e816110733e595456c8f72e3b,newsapi,https://ambcrypto.com/bitcoin-clings-to-100k-can-it-resist-sp-pullback-as-housing-weakens/,Bitcoin clings to $100K – Can it resist S&P pullback as housing weakens?,Ambcrypto.com,2025-11-09T09:00:55Z,positive,0.457,unknown,0.0,,2025-11-10T17:08:54.888265+05:30
6607582b6c371e7732c31783a4e7bfc387f7fdd025c32f1124e3efc124faeff4,newsapi,https://www.computerweekly.com/blog/CW-Developer-Network/StarkWare-aims-to-make-Bitcoin-everyday-infrastructure,StarkWare aims to make Bitcoin ‘everyday infrastructure’,ComputerWeekly.com,2025-11-09T08:53:46Z,positive,0.700,unknown,0.0,,2025-11-10T17:08:57.856460+05:30
dfe32bc991b9a851d19504663006a59917b3e50fd972390e6fcc56b61fa1ca76,newsapi,http://www.newsbtc.com/news/bitcoin/bitcoins-big-money-is-moving-old-whales-selling-at-a-furious-pace/,Bitcoin’s Big Money Is Moving — Old Whales Selling At A Furious Pace,newsBTC,2025-11-09T08:00:26Z,negative,-0.341,unknown,0.0,,2025-11-10T17:09:01.236839+05:30
be8fba9d9ade440137fbc0427d6e2f16f6be9079be82241a090c6d296bea4fdb,newsapi,https://cryptoslate.com/cathie-wood-revises-bitcoin-forecast-as-stablecoins-gain-ground/,Cathie Wood revises Bitcoin forecast as stablecoins gain ground,CryptoSlate,2025-11-09T08:00:01Z,negative,-0.625,unknown,0.0,,2025-11-10T17:09:04.000864+05:30
8b67cd6f567c3c6953fa7206ff61d7b921f1e553d8ce759d7270ace08bfe2bf7,newsapi,https://cointelegraph.com/news/italian-banks-back-digital-euro-urge-ecb-to-stagger-costs,Italian banks back digital euro but urge ECB to spread out costs: Reuters,Cointelegraph,2025-11-09T07:09:40Z,positive,0.778,unknown,0.0,,2025-11-10T17:09:06.989898+05:30
f053193dc87246592af15244fc40895b3e7d092df6ea45c21fd873cf581e8475,newsapi,https://www.globenewswire.com/news-release/2025/11/09/3184101/0/en/099-Casino-Expands-Game-Portfolio-with-Launch-of-15-New-Electronic-and-Slot-Machine-Titles.html,099 Casino Expands Game Portfolio with Launch of 15 New Electronic and Slot Machine Titles,GlobeNewswire,2025-11-09T07:07:00Z,positive,0.848,unknown,0.0,,2025-11-10T17:09:09.836978+05:30
1137ad3237e0b5304c66ce0de7129b8d3bb2c4e6e867f88c1ae30a81a575a9a4,newsapi,https://ambcrypto.com/xrp-etf-is-final-nail-in-the-coffin-sec-now-has-20-days-to/,XRP ETF is ‘final nail in the coffin’ – SEC now has 20 days to…,Ambcrypto.com,2025-11-09T06:00:43Z,positive,0.477,unknown,0.0,,2025-11-10T17:09:12.807133+05:30
f57f72cbe1a356e6bb964c50aa379076690f936abbcdd72c0fdf91cfb5339f67,newsapi,http://www.newsbtc.com/analysis/zec/zcash-rally-could-be-over-here-are-potential-support-targets-analyst/,ZCash Rally Could Be Over – Here Are Potential Support Targets: Analyst,newsBTC,2025-11-09T06:00:27Z,positive,0.844,unknown,0.0,,2025-11-10T17:09:15.982890+05:30
fbcaee754428e1f108c7fa102c95a69ee6bc39072ad5617102d48084b2e17a6c,newsapi,https://bitcoinist.com/jpmorgan-discloses-increase-bitcoin-etf-holdings/,JPMorgan Discloses 64% Increase In BlackRock Bitcoin ETF Holdings In 2025 Q3 — Details,Bitcoinist,2025-11-09T06:00:13Z,positive,0.902,unknown,0.0,,2025-11-10T17:09:18.644073+05:30
cca20d6b1bb0cd24cae9960609c14bdc44713f6bfe3fc91a50b79c891b2b498d,newsapi,https://www.naturalnews.com/2025-11-09-financial-engine-unfolding-infrastructure-revolution-of-bitcoin.html,From digital gold to financial engine: The unfolding infrastructure revolution of Bitcoin,Naturalnews.com,2025-11-09T06:00:00Z,positive,0.751,unknown,0.0,,2025-11-10T17:09:22.126156+05:30
11828034cc5515c24cb9406556f13fd3d8a0361d6edfc0e5ee67b6b7626fd8e7,newsapi,https://cointelegraph.com/news/bitcoin-trade-lag-attention-to-return-galaxy-digital-alex-thorn,"Bitcoin fell from 2025’s ‘hottest trade,’ but attention will return: Alex Thorn",Cointelegraph,2025-11-09T05:45:02Z,positive,0.846,unknown,0.0,,2025-11-10T17:09:25.710012+05:30
5359c1cc2305da79e400699ba349eee2f9e7b4a562adc12466b7a44eae9d2ad1,newsapi,http://www.newsbtc.com/altcoin/get-ready-the-end-of-november-will-be-massive-for-xrp-ceo-says/,"Get Ready — The End Of November Will Be Massive For XRP, CEO Says",newsBTC,2025-11-09T04:00:46Z,positive,0.917,unknown,0.0,,2025-11-10T17:09:29.501465+05:30
6269bc368c6361b5b8412449203129f0d1517e7d84025aef944ab4fbafcd516c,newsapi,https://cryptoslate.com/ripple-fortifies-with-500m-investment-leaving-xrps-role-uncertain/,"Ripple fortifies with $500M investment, leaving XRP’s role uncertain",CryptoSlate,2025-11-09T04:00:20Z,positive,0.459,unknown,0.0,,2025-11-10T17:09:31.035741+05:30
c50cb17d2747e966672893908a8a854af68b72b081e73590f073240372d6714b,newsapi,https://bitcoinist.com/bitcoin-long-term-holders-sells-during-bull-market/,Bitcoin Long-Term Holders Always Sell During Bull Market— What’s Different This Time?,Bitcoinist,2025-11-09T03:00:46Z,neutral,0.000,unknown,0.0,,2025-11-10T17:09:32.718197+05:30
fb62b6fe58787725956abc76d0a9d3ef10184e1932e6adbe22c953dc7d830992,newsapi,https://cryptoslate.com/on-chain-moves-dont-tell-the-full-story-why-og-bitcoin-whales-may-not-be-cashing-out/,On-chain moves don’t tell the full story: Why OG Bitcoin whales may not be cashing out,CryptoSlate,2025-11-08T20:00:23Z,positive,0.765,unknown,0.0,,2025-11-10T17:09:34.415309+05:30
9733a827da7d97534277d694cac3c215c382570c09c37dcbd2153d56ea49b8b3,newsapi,https://beincrypto.com/solana-bitcoin-price-correlation-market-impact/,Solana’s Connection To Bitcoin Has Led To Price Capitulation,BeInCrypto,2025-11-08T20:00:00Z,negative,-0.402,unknown,0.0,,2025-11-10T17:09:36.256658+05:30
54ccf1579245a462d3ba800ed28f2fd88494ef681e04fbac1cef75064a53bb03,newsapi,https://biztoc.com/x/6796e4f662a0f3f9,Washington's struggling economy takes another hit from the government shutdown,Biztoc.com,2025-11-08T19:55:25Z,negative,-0.421,unknown,0.0,,2025-11-10T17:09:43.222663+05:30
25849eba4314b7346a73e4d6cf8f71728f30087eea502007ea2b52851cc0d0d4,newsapi,https://biztoc.com/x/f6f13cc186fd69f2,How Low Will Bitcoin Go Before It Makes a New All-Time High?,Biztoc.com,2025-11-08T19:33:07Z,positive,0.642,unknown,0.0,,2025-11-10T17:09:45.879372+05:30
862fac8e836fdbec3603e62d38153e4829117428db88cc85dd9e14baadcd9dbe,newsapi,https://bitcoinist.com/dogecoin-shiba-inu-are-down/,Here’s Why The Dogecoin And Shiba Inu Prices Are Down,Bitcoinist,2025-11-08T19:30:34Z,negative,-0.527,unknown,0.0,,2025-11-10T17:09:48.751656+05:30
16aaa445aba2a6a92839f7dd7f971ae3e7f41f88dfbf1fe520e063048053887d,newsapi,http://www.newsbtc.com/news/bitcoin/is-the-bitcoin-price-bottom-in-latest-on-chain-data-suggests-so/,Is The Bitcoin Price Bottom In? Latest On-Chain Data Suggests So,newsBTC,2025-11-08T19:00:43Z,positive,0.523,unknown,0.0,,2025-11-10T17:09:51.721245+05:30
aceb6ac1c5c9eca30965979bf2713373455f1923e6b105f8accd5b22d672e8de,newsapi,https://ambcrypto.com/bitcoin-how-renewed-demand-could-catch-btc-bears-off-guard/,Bitcoin – How renewed demand could catch BTC bears off guard,Ambcrypto.com,2025-11-08T19:00:37Z,positive,0.226,unknown,0.0,,2025-11-10T17:09:54.690480+05:30
08c72bd43f7fc8f229cb14cac64acb6736c9dc5c70a228b2afa9bcfb5c659686,newsapi,https://biztoc.com/x/ed92c384dad0e29d,"U.S. spot bitcoin ETFs see largest daily outflow since August as BTC price hovers around $100,000",Biztoc.com,2025-11-08T18:59:53Z,positive,0.875,unknown,0.0,,2025-11-10T17:09:57.764086+05:30
b3924e5618293dbc1c2a4480fda7d26a5f8f4b9139019ae8456361e33e86ef2b,newsapi,https://www.thestreet.com/crypto/money-mistakes/crypto-confession-parents-investment,"Crypto Confession: ""I decided to touch my parents’ investment. They had no idea. Fast forward, I lost everything.""",TheStreet,2025-11-08T18:54:00Z,positive,0.586,unknown,0.0,,2025-11-10T17:10:00.527618+05:30
30943a420b5705177f6ed08eed93284eb7bab0dcb7514f924751eec5b028531c,newsapi,https://biztoc.com/x/cb054fe9082b064a,Is Bitcoin’s Dominance Slipping as Altcoins Gain Steam?,Biztoc.com,2025-11-08T18:37:36Z,positive,0.925,unknown,0.0,,2025-11-10T17:10:03.396796+05:30
e165c6adbf8b742c6881555641323bbb082b5e0a7c4e1bfcc4f3948f612d4328,newsapi,https://ambcrypto.com/near-surges-32-assessing-why-3-17-could-be-next-target/,NEAR surges 32% – Assessing why $3.17 could be next target,Ambcrypto.com,2025-11-08T18:00:05Z,positive,0.226,unknown,0.0,,2025-11-10T17:10:06.261712+05:30
85319847f382da2d44bd939397a7dac2220100f4a2a0800e9639846ea7841977,newsapi,https://cryptobriefing.com/bitcoin-whale-transfer-3600-btc-kraken/,"Bitcoin OG Owen Gunden moves $372M in BTC, first batch hits Kraken",Crypto Briefing,2025-11-08T17:52:12Z,positive,0.586,unknown,0.0,,2025-11-10T17:10:09.335503+05:30
f8bd007c7107003bd99d5b18f7913fef3b4885234d2ae96173e4da3dd6a5c257,newsapi,http://www.newsbtc.com/altcoin/zcash-explodes-700-since-september-whats-driving-the-rally-amid-the-bear-market/,Zcash Explodes 700% Since September – What’s Driving The Rally Amid The Bear Market?,newsBTC,2025-11-08T17:30:25Z,neutral,0.000,unknown,0.0,,2025-11-10T17:10:12.201574+05:30
5bcdcb5ce293dd0ccc6f6875efe25bccf0804a6c6f07e18d0fcee92d3d18cf33,newsapi,https://www.mutualfundobserver.com/2025/11/t-rowe-prices-calculated-bet-why-the-quintessential-singles-hitter-is-swinging-for-crypto/,T Rowe Price’s Calculated Bet: Why the Quintessential “Singles Hitter” Is Swinging for Crypto,Mutualfundobserver.com,2025-11-08T17:26:09Z,positive,0.612,unknown,0.0,,2025-11-10T17:10:14.967745+05:30
b21d2af30834de5e6fa3eef9912a63ef98bd188b8e9174d47030d981054bf7f4,newsapi,https://decrypt.co/347873/bitwise-solana-etf-steady-demand-bitcoin-ethereum-funds-shed-assets,"Bitwise Solana ETF Sees Steady Demand as Bitcoin, Ethereum Funds Shed Assets",Decrypt,2025-11-08T17:19:37Z,negative,-0.153,unknown,0.0,,2025-11-10T17:10:18.040722+05:30
1b75486b49282535faf16226fb7ba233571ef6a6c67c99a13daa68073c3bde0e,newsapi,https://www.globenewswire.com/news-release/2025/11/08/3184080/0/en/AI-Meets-Digital-Assets-CreditBlockchain-Launches-Free-Cloud-Trial-for-XRP-Investors-Era.html,AI Meets Digital Assets: CreditBlockchain Launches Free Cloud Trial for XRP Investors Era,GlobeNewswire,2025-11-08T17:12:00Z,positive,0.941,unknown,0.0,,2025-11-10T17:10:20.906421+05:30
d4b1f24269e1b30185c4dbdaac7eac75fff43b1b7fe36b5c80d91faf00c1a633,newsapi,https://www.coindesk.com/news-analysis/2025/11/07/since-trump-s-election-crypto-has-experienced-a-wild-year-long-ride,"Since Trump's Election, Crypto Has Experienced a Wild Year-long Ride",CoinDesk,2025-11-08T17:00:00Z,positive,0.226,unknown,0.0,,2025-11-10T17:10:23.577832+05:30
b5910bf744c39064baea9b5504bba13fe7b07c2c3752d5b929b3bf107bd37aa6,newsapi,https://www.mutualfundobserver.com/2025/11/briefly-noted-109/,Briefly Noted . . .,Mutualfundobserver.com,2025-11-08T16:58:24Z,positive,0.764,unknown,0.0,,2025-11-10T17:10:26.538970+05:30
dae17d45ec656d843df7a6dde5e79dcf27573b95423c379a79d83e6042b33d82,newsapi,https://zycrypto.com/btc-liquidity-recovers-as-trump-talks-bitcoin-rocket-boost-incoming/,BTC Liquidity Recovers as Trump Talks Bitcoin — Rocket Boost Incoming?,ZyCrypto,2025-11-08T16:44:13Z,negative,-0.440,unknown,0.0,,2025-11-10T17:10:28.276069+05:30
7d8ef08ab163bb5dc3eccb1f3cb34d573088e6c84b3d3dee72f86cae7baf9f5a,newsapi,https://zycrypto.com/michael-saylors-strategy-set-for-more-btc-purchases-after-715-million-stock-sale-in-europe/,Michael Saylor’s Strategy Set For More BTC Purchases After $715 Million Stock Sale In Europe,ZyCrypto,2025-11-08T16:31:24Z,positive,0.681,unknown,0.0,,2025-11-10T17:10:30.734222+05:30
4b43bfd7cd3eb452c1e7161b4fd150cc075340704120fb9cea6b9bd99da739c2,newsapi,https://zycrypto.com/japans-top-financial-watchdog-endorses-joint-stablecoin-pilot-by-countrys-three-largest-banks/,Japan’s Top Financial Watchdog Endorses Joint Stablecoin Pilot By Country’s Three Largest Banks,ZyCrypto,2025-11-08T16:26:41Z,positive,0.881,unknown,0.0,,2025-11-10T17:10:32.375788+05:30
a68e579d2a2306c5ea4f38b3f4e370bd628e9be7c6c9351692dbfcfa08297373,newsapi,https://rollingout.com/2025/11/08/toy-game-makers-discover-adult-spend-big/,Toy and game makers discover adult buyers spend big,Rolling Out,2025-11-08T16:15:03Z,positive,0.848,unknown,0.0,,2025-11-10T17:10:34.015486+05:30
c08546b12e0e8f467f43e64503e3b046963d0f37750a185b4b994c634d2ae8ac,newsapi,https://bitcoinist.com/survival-mode-activated-bitcoin-miners-struggle-as-hashprice-collapses/,‘Survival Mode’ Activated: Bitcoin Miners Struggle As Hashprice Collapses,Bitcoinist,2025-11-08T16:00:56Z,negative,-0.402,unknown,0.0,,2025-11-10T17:10:35.855140+05:30
de7874029d2e9e1c4281665be103f37bc6029304c99ea61800fe9321a8b8c90f,newsapi,http://www.newsbtc.com/news/bitcoin/bitcoin-dominance-signals-the-crypto-bull-run-remains-active-analyst/,Bitcoin Dominance Signals The Crypto Bull Run Remains Active – Analyst,newsBTC,2025-11-08T16:00:10Z,positive,0.751,unknown,0.0,,2025-11-10T17:10:38.619878+05:30
9b35501af88faa61b3a37098f12a976c14174ccbf26ef9b293cb445088ad6d21,newsapi,https://ambcrypto.com/trump-media-posts-54-8m-loss-as-revenue-sinks-below-1m-in-q3/,Trump Media posts $54.8M loss as revenue sinks below $1M in Q3,Ambcrypto.com,2025-11-08T16:00:04Z,neutral,-0.026,unknown,0.0,,2025-11-10T17:10:40.975900+05:30
3dc838ee024af2d2f9441cd6249673da42c3777e2358acb595433ca3d4862e2b,newsapi,https://www.globenewswire.com/news-release/2025/11/08/3184071/0/en/Most-Trusted-Crypto-Casinos-USA-Jackbit-Leads-2025-Crypto-Gaming-With-Instant-Withdrawals-No-KYC-Access.html,Most Trusted Crypto Casinos USA: Jackbit Leads 2025 Crypto Gaming With Instant Withdrawals & No KYC Access,GlobeNewswire,2025-11-08T16:00:00Z,positive,0.839,unknown,0.0,,2025-11-10T17:10:43.946731+05:30
d78596fda468f578e040b60b14853b166c1774890a549973ae06ea0808138131,newsapi,https://fortune.com/2025/11/08/voter-fury-ai-bubble-high-electricity-prices-offseason-elections-openai/,Voter fury emerges over skyrocketing electricity bills as AI stokes demand — and fears of a stock market bubble,Fortune,2025-11-08T15:59:33Z,negative,-0.929,unknown,0.0,,2025-11-10T17:10:46.813632+05:30
a2ade797c472ee5e73b44728e493651221f15daff3e60943cd85bd21cae6ccee,newsapi,https://www.commondreams.org/news/trump-tax-breaks-rich-investors,Trump Quietly Dishes Out More Tax Breaks to Rich Investors While Slashing Food Aid for Millions,Common Dreams,2025-11-08T15:58:05Z,negative,-0.710,unknown,0.0,,2025-11-10T17:10:49.476741+05:30
c991211be9932fd7cb4939be107da068754471c7b93ce24e160fb889d277e1b3,newsapi,https://cointelegraph.com/news/bitcoin-og-whales-keep-cashing-out-threatening-btc-price-drop-90k,"Bitcoin OG whales keep ‘cashing out’, threatening BTC price drop to $90K",Cointelegraph,2025-11-08T15:49:25Z,negative,-0.827,unknown,0.0,,2025-11-10T17:10:52.241828+05:30
87e7e326844c16ebaebf931fe32e9dfcee8adc17e4a175be57e0c837e419d3f0,newsapi,https://economictimes.indiatimes.com/markets/stocks/news/ahead-of-market-10-things-that-will-decide-stock-market-action-on-monday/articleshow/125201015.cms,Ahead of Market: 10 things that will decide stock market action on Monday,The Times of India,2025-11-09T11:53:23Z,positive,0.905,unknown,0.0,,2025-11-10T17:25:56.354729+05:30
4ccc706bf53fda58439385faf9602d0b9abf358daaf430ac811ab73161762c4d,newsapi,https://decrypt.co/348295/crypto-markets-in-short-term-reprieve-risks-remain-qcp,"Crypto Markets In Short-Term Reprieve, Risks Remain: QCP",Decrypt,2025-11-12T13:10:26Z,negative,-0.340,unknown,0.0,,2025-11-13T18:41:02.562033+05:30
bf585ec9a91df3e26aa1e3b69eb1f91c0227a4902680f1516866159a218ebbdb,newsapi,https://www.cnbc.com/2025/11/12/5-things-to-know-before-the-stock-market-opens.html,"AI trade stalls, 'ghost job' listings, Trump floats tariff rebate checks and more in Morning Squawk",CNBC,2025-11-12T13:05:49Z,negative,-0.318,unknown,0.0,,2025-11-13T18:41:05.000548+05:30
213ca604f6a1206f3970477467c1d161ddf71533a3f66b03d1b540b8ab956483,newsapi,https://www.nerdwallet.com/credit-cards/learn/coinbase-credit-card#article,5 Things to Know About the Coinbase Credit Card,NerdWallet,2025-11-12T13:05:31Z,positive,0.294,unknown,0.0,,2025-11-13T18:41:07.662672+05:30
4c6ca3b0a7094e9ef2b314df40b41a07647b55e989434b7da65d4693d510d787,newsapi,https://www.practicalecommerce.com/new-ecommerce-tools-november-12-2025,"New Ecommerce Tools: November 12, 2025",Practical Ecommerce,2025-11-12T13:04:54Z,neutral,0.000,unknown,0.0,,2025-11-13T18:41:11.666209+05:30
3d733b39a7b1d1e65ee8dc33cb9fcaf1ba93762cc600df28bcd1087c7e04b4be,newsapi,https://cointelegraph.com/news/bitcoin-price-taps-105k-analysis-flags-massive-binance-withdrawals,Bitcoin price hits $105K as analysis eyes ‘massive’ Binance BTC withdrawals,Cointelegraph,2025-11-12T13:01:29Z,negative,-0.861,unknown,0.0,,2025-11-13T18:41:15.295385+05:30
08d23cc419cab71a8eb5568fc518da1ba47eda0b785ea37da7c5ba297f2aaacd,newsapi,http://www.vulture.com/article/down-cemetery-road-series-recap-season-1-episode-4-apple-tv.html,"Down Cemetery Road Recap: Wrong Place, Wrong Time",Vulture,2025-11-12T13:00:34Z,positive,0.202,unknown,0.0,,2025-11-13T18:41:18.188195+05:30
26cdefa0383f79334710e2ef8088997ee7a5a9f4fe26110cf9594a7730f0ef3d,newsapi,http://www.newsbtc.com/news/best-crypto-presales-buy-dip-while-market-stays-down/,Best Crypto Presales To Buy The Dip While The Market Is Down,newsBTC,2025-11-12T12:51:45Z,negative,-0.681,unknown,0.0,,2025-11-13T18:41:20.977847+05:30
47c5d0c1b3a1249a877fe7286558d2b4ba96e75cb274de30180688d05cea8be0,newsapi,https://coinjournal.net/news/ripple-price-forecast-xrp-eyes-2-70-despite-poor-price-action/,Ripple price forecast: XRP eyes $2.70 despite poor price action,Coinjournal.net,2025-11-12T12:49:28Z,positive,0.922,unknown,0.0,,2025-11-13T18:41:25.766535+05:30
73926a99f1a527d6e18782883b382a7ffa0898ba4f3af4ba215c69f95a50e8fb,newsapi,https://www.coindesk.com/markets/2025/11/12/b-riley-flags-recovery-signs-in-digital-asset-treasuries-as-bitmine-extends-ether-lead,B. Riley Flags Recovery Signs in Digital Asset Treasuries as BitMine Extends Ether Lead,CoinDesk,2025-11-12T12:48:33Z,positive,0.825,unknown,0.0,,2025-11-13T18:41:30.497236+05:30
e28f805805356ae4e889588e37d78b74be54b4af6cba905724bf4afb97a1b961,newsapi,https://www.coindesk.com/markets/2025/11/12/bitcoin-indicator-that-nailed-some-market-bottoms-is-back,Key Bitcoin Capitulation Metric Points to Bottoming in Price,CoinDesk,2025-11-12T12:48:29Z,positive,0.494,unknown,0.0,,2025-11-13T18:41:34.979733+05:30
7ea6652c3a828a07724f62ae3e3be6311203216075cc4eaa986faf4cbfec8f1d,newsapi,https://timesofindia.indiatimes.com/tv/news/hindi/pati-patni-aur-panga-munawar-faruqui-breaks-down-while-watching-the-journey-in-the-grand-finale-says-this-show-gave-me-millions-of-families/articleshow/125274973.cms,Pati Patni Aur Panga: Munawar Faruqui breaks down while watching the journey in the grand finale; says 'This show gave me millions of families',The Times of India,2025-11-12T12:44:19Z,positive,0.949,unknown,0.0,,2025-11-13T18:41:37.933660+05:30
7e4ec52bc52234aae2bf830366b785a1e4d21d7204cb23523d105a210436d114,newsapi,https://biztoc.com/x/c18c1959788ee89d,"What Are Bitcoin, Ethereum, Solana Whales Betting On?",Biztoc.com,2025-11-12T12:38:08Z,positive,0.908,unknown,0.0,,2025-11-13T18:43:07.222446+05:30
eb14816ab9689c80c693d7b131679cefa78c6b7a1747a51688b2d5128790b50d,newsapi,https://timesofindia.indiatimes.com/sports/international-sports/ballon-dor-winning-footballer-dresses-up-as-wwe-legend-hulk-hogan-for-a-special-occasion/articleshow/125274527.cms,Ballon d'Or-winning footballer dresses up as WWE legend Hulk Hogan for a special occasion,The Times of India,2025-11-12T12:32:13Z,positive,0.906,unknown,0.0,,2025-11-13T18:43:10.242304+05:30
8dcde5457353ba320208f473a442555b30b97de4ee3f0fabf5e4bd7eabfbbf9e,newsapi,https://cryptobriefing.com/crypto-market-surges-65b-bitcoin-gains-30b/,Crypto market surges by $65B in three hours as Bitcoin gains over $30B,Crypto Briefing,2025-11-12T12:31:00Z,positive,0.942,unknown,0.0,,2025-11-13T18:43:12.779369+05:30
a95f2f21789dbece62a9c5cc71b9a359e4b67475a3117d455d4b932b139c5324,newsapi,https://cointelegraph.com/news/altcoins-aren-t-dead,Altcoins aren’t dead; long live altcoins,Cointelegraph,2025-11-12T12:30:00Z,positive,0.273,unknown,0.0,,2025-11-13T18:43:16.039720+05:30
30b248daec625c60cffc68301dc3521d6f79e2a77a3db7768f3e15dc1b9318f7,newsapi,https://timesofindia.indiatimes.com/sports/international-sports/ferrari-feud-explodes-as-chairman-john-elkann-clashes-with-lewis-hamilton-and-charles-leclerc-amid-drivers-call-for-unity/articleshow/125274836.cms,Ferrari feud explodes as chairman John Elkann clashes with Lewis Hamilton and Charles Leclerc amid drivers' call for unity,The Times of India,2025-11-12T12:28:28Z,negative,-0.340,unknown,0.0,,2025-11-13T18:43:20.278789+05:30
78de7c57a60125cc7e8a1116ebf4bbf12044f9ff6d04d31ffaa1c487690e87bc,newsapi,https://timesofindia.indiatimes.com/astrology/relationships-marriage/gemini-taurus-scorpio-capricorn-and-virgo-five-zodiac-signs-set-to-meet-their-soulmates-by-the-end-of-november-2025/articleshow/125274780.cms,"Gemini, Taurus, Scorpio, Capricorn, and Virgo; Five zodiac signs set to meet their soulmates by the end of November 2025",The Times of India,2025-11-12T12:28:19Z,positive,0.906,unknown,0.0,,2025-11-13T18:43:23.147244+05:30
cc2bfd991a6fb3af93a392e2bfd5f6c22f29d49e29cc06218d5b7f47b8a06d09,newsapi,https://biztoc.com/x/d5638cd83fb52f4b,"Bitcoin Back To $105,000 As Ethereum, XRP, Dogecoin Regain Ground On $500M ETF Inflows",Biztoc.com,2025-11-12T12:27:01Z,negative,-0.761,unknown,0.0,,2025-11-13T18:43:26.832074+05:30
e352209cde063af0fc592eedab9507054ef5af14f223d6576e2cf09d3e170387,newsapi,https://zycrypto.com/trumps-20-trillion-growth-projection-sparks-bitcoin-ether-xrp-solana-cardano-liquidity-debate/,"Trump’s $20 Trillion Growth Projection Sparks Bitcoin, Ether, XRP, Solana, Cardano Liquidity Debate",ZyCrypto,2025-11-12T12:24:15Z,positive,0.904,unknown,0.0,,2025-11-13T18:43:30.005775+05:30
d07957f1ce6e3eba34b56c1ce272082ac62ffe91af2bf90ce38509a4742bd47d,newsapi,https://timesofindia.indiatimes.com/sports/nba/top-stories/brandon-ingram-pauses-victory-celebration-after-beating-brooklyn-nets-for-one-heart-stirring-moment-with-glorilla-no-one-saw-coming/articleshow/125274526.cms,Brandon Ingram pauses victory celebration after beating Brooklyn Nets for one heart-stirring moment with Glorilla no one saw coming,The Times of India,2025-11-12T12:22:35Z,neutral,0.000,unknown,0.0,,2025-11-13T18:43:32.665742+05:30
739fd5345f5a0062e936c2b4f8cac60545e8b19290ebfdc4f86c5f68d04279e4,newsapi,https://cointelegraph.com/news/sonic-labs-pivots-speed-to-business-growth,Sonic Labs pivots from speed to survival with business-first strategy,Cointelegraph,2025-11-12T12:22:19Z,positive,0.340,unknown,0.0,,2025-11-13T18:43:35.537878+05:30
31c2abff6ff10c097a307523e6169cb5a3f99a4ae3c56edf0cc60e113ef06353,newsapi,https://biztoc.com/x/223616b8c25dc9b8,"The Best Cryptocurrency to Buy With $1,000 Right Now",Biztoc.com,2025-11-12T12:16:59Z,positive,0.891,unknown,0.0,,2025-11-13T18:43:38.404092+05:30
85967bf5695226a93e6cee24b68d07a85e01ee034855344efa78acb8ae335182,newsapi,https://biztoc.com/x/b21f72edcaf7c2ae,UK jails Chinese crypto scammer,Biztoc.com,2025-11-12T12:16:15Z,negative,-0.965,unknown,0.0,,2025-11-13T18:43:54.005265+05:30
ccd031270de3e4516e074827b7cf79887fbcfd6252283e666cccd42518cbfc21,newsapi,https://www.coindesk.com/daybook-us/2025/11/12/demand-revival-crypto-daybook-americas,Demand Revival: Crypto Daybook Americas,CoinDesk,2025-11-12T12:15:00Z,positive,0.440,unknown,0.0,,2025-11-13T18:43:59.602903+05:30
e23811ed43cf751559ebda40057935fb749c49d2bae37780420d71afea713cdd,newsapi,https://coinjournal.net/news/bitcoin-btc-battles-macro-headwinds-despite-improved-etf-inflows/,Bitcoin (BTC) battles macro headwinds despite improved ETF inflows,Coinjournal.net,2025-11-12T12:12:20Z,negative,-0.879,unknown,0.0,,2025-11-13T18:44:02.495334+05:30
9d73206696fdc9bf877a681e1e776e96994b56e962ae620bad8a3a158bf18d12,newsapi,https://coinjournal.net/news/dogecoin-price-holds-above-0-17-as-bulls-eye-breakout-toward-0-20-check-forecast/,Dogecoin price holds above $0.17 as bulls eye breakout toward $0.20; check forecast,Coinjournal.net,2025-11-12T12:08:54Z,negative,-0.612,unknown,0.0,,2025-11-13T18:44:05.548643+05:30
229210c42ed2ea38ad7baea7551128fe63891401b63d23124efbdcac10844e5f,newsapi,https://zycrypto.com/samson-mow-blames-bitcoin-sell-off-on-new-holders-says-ogs-are-still-hodling/,"Samson Mow Blames Bitcoin Sell-Off On New Holders, Says OGs Are Still Hodling",ZyCrypto,2025-11-12T12:08:38Z,negative,-0.807,unknown,0.0,,2025-11-13T18:44:08.408652+05:30
892068b303ad83f149b57a613435ab121951ea63f63305cd16189f4d829caeb3,newsapi,https://www.ccn.com/news/crypto/global-list-launched-piloting-developing-cbdcs/,"UAE's Digital Dirham CBDC Pilot Goes Live — Global List of Launched, Piloting, and Developing CBDCs",Crypto Coins News,2025-11-12T12:07:32Z,positive,0.477,unknown,0.0,,2025-11-13T18:44:11.374346+05:30
afb869c3b6baf5e8fc7a0dea271e16e1a44be1fdd18c1b140d069bf5d060cc50,newsapi,https://cryptoslate.com/solana-etfs-keep-buying-343m-in-but-sol-still-dumps-15/,"Solana ETFs Keep Buying – $343M In, But SOL Still Dumps 15%",CryptoSlate,2025-11-12T12:03:38Z,negative,-0.550,unknown,0.0,,2025-11-13T18:44:13.939969+05:30
b88ff4c87da6c1c55030c791285a11b9d9fa7cf7ccd78f46c40fbd205c049d98,newsapi,https://zycrypto.com/china-accuses-us-government-of-13-billion-bitcoin-theft-as-nation-state-accumulation-heats-up/,China Accuses US Government Of $13 Billion Bitcoin Theft As Nation-State Accumulation Heats Up,ZyCrypto,2025-11-12T12:02:51Z,neutral,0.000,unknown,0.0,,2025-11-13T18:44:16.705287+05:30
d2e8f85a322bb6d45b012d502006453bb2bf9a9f86ca2d2f0db502a6fb8b493d,newsapi,https://www.globenewswire.com/news-release/2025/11/12/3186092/0/en/Bitdeer-Reports-Fire-Incident-at-Massillon-Development-Site.html,Bitdeer Reports Fire Incident at Massillon Development Site,GlobeNewswire,2025-11-12T12:02:00Z,negative,-0.586,unknown,0.0,,2025-11-13T18:44:19.262844+05:30
a33fa9419807f7645cc55572a91397d842bf55c00f716cd5911832ead3ebe1ea,newsapi,https://decrypt.co/348274/zcash-treasury-company-launches-with-winklevoss-backing,Zcash Treasury Company Launches With Winklevoss Backing,Decrypt,2025-11-12T12:01:02Z,positive,0.637,unknown,0.0,,2025-11-13T18:44:22.506150+05:30
232ba68e5e698ab5e398e5e2c00fe69a18bb47445d24ead1225c7e309985080a,newsapi,https://www.tomshardware.com/tech-industry/cryptocurrency/china-accuses-washington-of-stealing-usd13-billion-worth-of-bitcoin-in-alleged-hack-127-272-tokens-seized-from-prince-group-after-owner-chen-zhi-was-indicted-for-wire-fraud-and-money-laundering-u-s-alleges,"China accuses Washington of stealing $13 billion worth of Bitcoin in alleged hack — 127,272 tokens seized from Prince Group after owner Chen Zhi was indicted for wire fraud and money laundering, U.S. alleges",Tom's Hardware UK,2025-11-12T11:57:54Z,negative,-0.952,unknown,0.0,,2025-11-13T18:44:25.818762+05:30
0c24dc2f4f015ff341f87ef5d7a38b6e4bf79109efcbc427974d40873175ea9a,newsapi,https://bitcoinist.com/china-us-127k-bitcoin-heist-maxi-doge-opportunity/,China Accuses US of $13 Billion Bitcoin Heist: What That Means for $MAXI,Bitcoinist,2025-11-12T11:54:14Z,positive,0.250,unknown,0.0,,2025-11-13T18:44:28.785604+05:30
0c1e430ee0e427dd5cd34903417b3993ed242dcdeaa5603a59fedcdb33baccf6,newsapi,https://www.pymnts.com/cryptocurrency/2025/jpmorgan-expands-blockchain-efforts-with-jpm-coin/,JPMorgan Expands Blockchain Efforts With JPM Coin,pymnts.com,2025-11-12T11:53:06Z,positive,0.402,unknown,0.0,,2025-11-13T18:44:36.876976+05:30
b68778c3449613e54eadb4c977fac5acf34df6f0d7fd2af839760ca67415e9a3,newsapi,https://fortune.com/2025/11/12/december-cut-expectations-fed-labor-data-sticky-inflation-hawk-markets/,Hopes for a December rate cut are fading fast despite labor fears—Jerome Powell will have his work cut out attempting to unite the Fed,Fortune,2025-11-12T11:49:30Z,negative,-0.727,unknown,0.0,,2025-11-13T18:44:43.425805+05:30
c3a2f397c58843c614bce5c0249855290779a71624747b6e7ab42239ca768cb1,newsapi,https://coinjournal.net/news/ai-driven-phishing-scams-and-hidden-crypto-exploits-shake-web3-security/,AI-driven phishing scams and hidden crypto exploits shake Web3 security,Coinjournal.net,2025-11-12T11:48:23Z,negative,-0.983,unknown,0.0,,2025-11-13T18:44:45.949156+05:30
9f6be04f8f7a2eb4bee4332299882ab0bbdad0d9ccdf74daab4fbba82bba7e73,newsapi,https://cryptonews.com/news/morgan-stanley-warns-bitcoin-entering-fall-season-urges-investors-to-take-profits/,"Morgan Stanley Warns Bitcoin Entering “Fall Season,” Urges Investors to Take Profits",Cryptonews,2025-11-12T11:39:30Z,positive,0.361,unknown,0.0,,2025-11-13T18:44:51.313935+05:30
e9e1a0a7b1a2bb0b295b30a3f7e03a5ffcf8d6238e3c3e22c42bbaa7321f03f9,newsapi,https://bitcoinist.com/next-crypto-to-explode-as-market-eyes-santa-rally/,Check Out the Best Meme Coins to Buy as the Market Eyes a December ‘Santa Rally’,Bitcoinist,2025-11-12T11:38:05Z,positive,0.856,unknown,0.0,,2025-11-13T18:44:54.794795+05:30
631cb3bb650bbc586a5fcb7a12223c6b4c47ba61790320db0128883ec1a7274d,newsapi,https://decrypt.co/348281/jpmorgan-brings-dollar-deposit-token-to-coinbases-base-network-report,JPMorgan Brings Dollar Deposit Token to Coinbase's Base Network: Report,Decrypt,2025-11-12T11:37:48Z,positive,0.599,unknown,0.0,,2025-11-13T18:44:57.977103+05:30
56aee0e56e020757246bbbe61fb6d57554f00fc7c9c699da9aa263dd5909e008,newsapi,https://abcnews.go.com/Technology/video/chinese-cryptoqueen-jailed-scamming-billions-127443404,WATCH: Chinese 'cryptoqueen' jailed for scamming billions,ABC News,2025-11-12T11:35:50Z,negative,-0.823,unknown,0.0,,2025-11-13T18:44:59.619458+05:30
c0aab1f228190fff74bbdd92f893e6b4d4e8e3dc95835a4fa322eec50a5219ba,newsapi,https://biztoc.com/x/669689e24c396258,Bitcoin bandit's £5B bubble bursts as cops wrap seven-year chase,Biztoc.com,2025-11-12T11:31:32Z,negative,-0.872,unknown,0.0,,2025-11-13T18:45:02.783967+05:30
1f2db781d7534d98a3f88673aa6ac8e33aa6a6ed48d6c128cd9475a7cfeff912,newsapi,https://www.coindesk.com/markets/2025/11/12/crypto-markets-today-privacy-tokens-shine-majors-stall-as-market-consolidates,"Crypto Markets Today: Privacy Tokens Shine, Majors Stall as Market Consolidates",CoinDesk,2025-11-12T11:30:00Z,negative,-0.494,unknown,0.0,,2025-11-13T18:45:06.061465+05:30
2ca488168254caf4c5e43b7373bb28674aee8f3d559a0be4c3614220ea18cd0a,newsapi,https://www.theregister.com/2025/11/12/bitcoin_fraud_prison/,Bitcoin bandit's £5B bubble bursts as cops wrap seven-year chase,Theregister.com,2025-11-12T11:21:41Z,negative,-0.926,unknown,0.0,,2025-11-13T18:45:12.025452+05:30
